date,time,comp,round,day,venue,result,gf,ga,opponent,poss,attendance,captain,formation,opp_formation,referee,match_report,notes,sh,sot,dist,fk,pk,pkatt,season,team
2025-08-17,16:30,Premier League,Matchweek 1,Sun,Away,W,1,0,Manchester Utd,39.0,73475.0,Martin Ødegaard,4-3-3,3-4-3,Simon Hooper,Match Report,,9.0,3.0,,,0.0,0.0,2025-2026,Arsenal
2025-08-23,17:30,Premier League,Matchweek 2,Sat,Home,W,5,0,Leeds United,68.0,60110.0,Martin Ødegaard,4-3-3,4-3-3,Jarred Gillett,Match Report,,18.0,5.0,,,1.0,1.0,2025-2026,Arsenal
2025-08-31,16:30,Premier League,Matchweek 3,Sun,Away,L,0,1,Liverpool,47.0,60455.0,Gabriel Magalhães,4-3-3,4-2-3-1,Chris Kavanagh,Match Report,,11.0,1.0,,,0.0,0.0,2025-2026,Arsenal
2025-09-13,12:30,Premier League,Matchweek 4,Sat,Home,W,3,0,Nottingham,54.0,60167.0,Martin Ødegaard,4-3-3,4-2-3-1,Darren England,Match Report,,16.0,5.0,,,0.0,0.0,2025-2026,Arsenal
2025-09-21,16:30,Premier League,Matchweek 5,Sun,Home,D,1,1,Manchester City,67.0,60161.0,Gabriel Magalhães,4-3-3,4-1-4-1,Stuart Attwell,Match Report,,12.0,3.0,,,0.0,0.0,2025-2026,Arsenal
2025-09-28,16:30,Premier League,Matchweek 6,Sun,Away,W,2,1,Newcastle,64.0,52199.0,Bukayo Saka,4-2-3-1,4-3-3,Jarred Gillett,Match Report,,20.0,7.0,,,0.0,0.0,2025-2026,Arsenal
2025-10-04,15:00,Premier League,Matchweek 7,Sat,Home,W,2,0,West Ham,68.0,60181.0,Martin Ødegaard,4-3-3,4-1-4-1,John Brooks,Match Report,,21.0,5.0,,,1.0,1.0,2025-2026,Arsenal
2025-10-18,17:30,Premier League,Matchweek 8,Sat,Away,W,1,0,Fulham,63.0,27736.0,Bukayo Saka,4-3-3,4-2-3-1,Anthony Taylor,Match Report,,16.0,5.0,,,0.0,0.0,2025-2026,Arsenal
2025-10-26,14:00,Premier League,Matchweek 9,Sun,Home,W,1,0,Crystal Palace,60.0,60103.0,Bukayo Saka,4-3-3,3-4-3,Thomas Bramall,Match Report,,10.0,3.0,,,0.0,0.0,2025-2026,Arsenal
2025-11-01,15:00,Premier League,Matchweek 10,Sat,Away,W,2,0,Burnley,54.0,21538.0,Bukayo Saka,4-3-3,5-4-1,Chris Kavanagh,Match Report,,12.0,8.0,,,0.0,0.0,2025-2026,Arsenal
2025-11-08,17:30,Premier League,Matchweek 11,Sat,Away,D,2,2,Sunderland,65.0,46799.0,Bukayo Saka,4-2-3-1,5-4-1,Craig Pawson,Match Report,,17.0,7.0,,,0.0,0.0,2025-2026,Arsenal
2025-11-23,16:30,Premier League,Matchweek 12,Sun,Home,W,4,1,Tottenham,57.0,60345.0,Bukayo Saka,4-2-3-1,3-4-3,Michael Oliver,Match Report,,17.0,8.0,,,0.0,0.0,2025-2026,Arsenal
2025-11-30,16:30,Premier League,Matchweek 13,Sun,Away,D,1,1,Chelsea,62.0,39820.0,Bukayo Saka,4-3-3,4-2-3-1,Anthony Taylor,Match Report,,8.0,4.0,,,0.0,0.0,2025-2026,Arsenal
2025-12-03,19:30,Premier League,Matchweek 14,Wed,Home,W,2,0,Brentford,62.0,60110.0,Martin Ødegaard,4-3-3,5-3-2,Tony Harrington,Match Report,,15.0,7.0,,,0.0,0.0,2025-2026,Arsenal
2025-12-06,12:30,Premier League,Matchweek 15,Sat,Away,L,1,2,Aston Villa,53.0,42888.0,Martin Ødegaard,4-3-3,4-2-3-1,Peter Bankes,Match Report,,15.0,9.0,,,0.0,0.0,2025-2026,Arsenal
2025-12-13,20:00,Premier League,Matchweek 16,Sat,Home,W,2,1,Wolves,69.0,60242.0,Bukayo Saka,4-3-3,3-5-2,Robert Jones,Match Report,,16.0,2.0,,,0.0,0.0,2025-2026,Arsenal
2025-12-20,20:00,Premier League,Matchweek 17,Sat,Away,W,1,0,Everton,65.0,52513.0,Martin Ødegaard,4-3-3,4-2-3-1,Samuel Barrott,Match Report,,13.0,2.0,,,1.0,1.0,2025-2026,Arsenal
2025-12-27,15:00,Premier League,Matchweek 18,Sat,Home,W,2,1,Brighton,53.0,60209.0,Martin Ødegaard,4-3-3,3-4-3,John Brooks,Match Report,,24.0,6.0,,,0.0,0.0,2025-2026,Arsenal
2025-12-30,20:15,Premier League,Matchweek 19,Tue,Home,W,4,1,Aston Villa,47.0,60279.0,Martin Ødegaard,4-3-3,4-2-3-1,Darren England,Match Report,,22.0,7.0,,,0.0,0.0,2025-2026,Arsenal
2026-01-03,17:30,Premier League,Matchweek 20,Sat,Away,W,3,2,Bournemouth,57.0,11240.0,Martin Ødegaard,4-3-3,4-2-3-1,Chris Kavanagh,Match Report,,12.0,5.0,,,0.0,0.0,2025-2026,Arsenal
2026-01-08,20:00,Premier League,Matchweek 21,Thu,Home,D,0,0,Liverpool,48.0,60258.0,Martin Ødegaard,4-3-3,4-2-3-1,Anthony Taylor,Match Report,,9.0,4.0,,,0.0,0.0,2025-2026,Arsenal
2026-01-17,17:30,Premier League,Matchweek 22,Sat,Away,D,0,0,Nottingham,61.0,30729.0,Martin Ødegaard,4-3-3,4-2-3-1,Michael Oliver,Match Report,,15.0,3.0,,,0.0,0.0,2025-2026,Arsenal
2026-01-25,16:30,Premier League,Matchweek 23,Sun,Home,L,2,3,Manchester Utd,57.0,60296.0,Martin Ødegaard,4-3-3,4-2-3-1,Craig Pawson,Match Report,,15.0,4.0,,,0.0,0.0,2025-2026,Arsenal
2026-01-31,15:00,Premier League,Matchweek 24,Sat,Away,W,4,0,Leeds United,51.0,36858.0,Gabriel Magalhães,4-2-3-1,3-4-3,Stuart Attwell,Match Report,,14.0,8.0,,,0.0,0.0,2025-2026,Arsenal
2026-02-07,15:00,Premier League,Matchweek 25,Sat,Home,W,3,0,Sunderland,50.0,60312.0,Gabriel Magalhães,4-3-3,4-2-3-1,Samuel Barrott,Match Report,,16.0,5.0,,,0.0,0.0,2025-2026,Arsenal
2026-02-12,20:00,Premier League,Matchweek 26,Thu,Away,D,1,1,Brentford,60.0,17224.0,Gabriel Magalhães,4-2-3-1,4-2-3-1,John Brooks,Match Report,,7.0,2.0,,,0.0,0.0,2025-2026,Arsenal
2026-02-18,20:00,Premier League,Matchweek 31,Wed,Away,D,2,2,Wolves,58.0,29843.0,Bukayo Saka,4-2-3-1,3-4-3,Paul Tierney,Match Report,,10.0,4.0,,,0.0,0.0,2025-2026,Arsenal
2026-02-22,16:30,Premier League,Matchweek 27,Sun,Away,W,4,1,Tottenham,61.0,61439.0,Bukayo Saka,4-2-3-1,3-5-2,Peter Bankes,Match Report,,20.0,7.0,,,0.0,0.0,2025-2026,Arsenal
2026-03-01,16:30,Premier League,Matchweek 28,Sun,Home,W,2,1,Chelsea,41.0,60296.0,Bukayo Saka,4-2-3-1,4-3-3,Darren England,Match Report,,12.0,5.0,,,0.0,0.0,2025-2026,Arsenal
2026-03-04,19:30,Premier League,Matchweek 29,Wed,Away,W,1,0,Brighton,40.0,31575.0,Bukayo Saka,4-2-3-1,4-2-3-1,Chris Kavanagh,Match Report,,7.0,2.0,,,0.0,0.0,2025-2026,Arsenal
2026-03-14,17:30,Premier League,Matchweek 30,Sat,Home,W,2,0,Everton,65.0,60176.0,Bukayo Saka,4-2-3-1,4-2-3-1,Andy Madley,Match Report,,25.0,7.0,,,0.0,0.0,2025-2026,Arsenal
2026-04-11,12:30,Premier League,Matchweek 32,Sat,Home,L,1,2,Bournemouth,53.0,60210.0,Declan Rice,4-2-3-1,4-2-3-1,Michael Oliver,Match Report,,15.0,3.0,,,1.0,1.0,2025-2026,Arsenal
2026-04-19,16:30,Premier League,Matchweek 33,Sun,Away,L,1,2,Manchester City,41.0,52523.0,Martin Ødegaard,4-3-3,4-2-3-1,Anthony Taylor,Match Report,,9.0,3.0,,,0.0,0.0,2025-2026,Arsenal
2026-04-25,17:30,Premier League,Matchweek 34,Sat,Home,W,1,0,Newcastle,45.0,60204.0,Martin Ødegaard,4-3-3,4-1-4-1,Samuel Barrott,Match Report,,11.0,4.0,,,0.0,0.0,2025-2026,Arsenal
2026-05-02,17:30,Premier League,Matchweek 35,Sat,Home,W,3,0,Fulham,54.0,60196.0,Bukayo Saka,4-2-3-1,4-2-3-1,Jarred Gillett,Match Report,,18.0,9.0,,,0.0,0.0,2025-2026,Arsenal
2026-05-10,16:30,Premier League,Matchweek 36,Sun,Away,W,1,0,West Ham,64.0,60429.0,Bukayo Saka,4-2-3-1,3-4-3,Chris Kavanagh,Match Report,,15.0,4.0,,,0.0,0.0,2025-2026,Arsenal
2026-05-18,20:00,Premier League,Matchweek 37,Mon,Home,W,1,0,Burnley,61.0,60274.0,Martin Ødegaard,4-3-3,4-2-3-1,Paul Tierney,Match Report,,13.0,3.0,,,0.0,0.0,2025-2026,Arsenal
2026-05-24,16:00,Premier League,Matchweek 38,Sun,Away,W,2,1,Crystal Palace,61.0,25192.0,Gabriel Jesus,4-2-3-1,3-4-3,Farai Hallam,Match Report,,17.0,7.0,,,0.0,0.0,2025-2026,Arsenal
2025-08-16,12:30,Premier League,Matchweek 1,Sat,Home,D,0,0,Newcastle,41.0,42526.0,John McGinn,4-2-3-1,4-3-3,Craig Pawson,Match Report,,3.0,3.0,,,0.0,0.0,2025-2026,Aston Villa
2025-08-23,15:00,Premier League,Matchweek 2,Sat,Away,L,0,1,Brentford,76.0,16838.0,John McGinn,4-2-3-1,4-2-3-1,Tony Harrington,Match Report,,17.0,2.0,,,0.0,0.0,2025-2026,Aston Villa
2025-08-31,19:00,Premier League,Matchweek 3,Sun,Home,L,0,3,Crystal Palace,58.0,41036.0,John McGinn,4-2-3-1,3-4-3,Stuart Attwell,Match Report,,13.0,4.0,,,0.0,0.0,2025-2026,Aston Villa
2025-09-13,15:00,Premier League,Matchweek 4,Sat,Away,D,0,0,Everton,52.0,52114.0,John McGinn,4-2-3-1,4-2-3-1,Simon Hooper,Match Report,,7.0,1.0,,,0.0,0.0,2025-2026,Aston Villa
2025-09-21,14:00,Premier League,Matchweek 5,Sun,Away,D,1,1,Sunderland,71.0,46261.0,John McGinn,4-2-3-1,4-3-3,Samuel Barrott,Match Report,,12.0,2.0,,,0.0,0.0,2025-2026,Aston Villa
2025-09-28,14:00,Premier League,Matchweek 6,Sun,Home,W,3,1,Fulham,48.0,40350.0,John McGinn,4-2-3-1,4-2-3-1,Andy Madley,Match Report,,9.0,4.0,,,0.0,0.0,2025-2026,Aston Villa
2025-10-05,14:00,Premier League,Matchweek 7,Sun,Home,W,2,1,Burnley,55.0,40308.0,John McGinn,4-2-3-1,5-4-1,Andrew Kitchen,Match Report,,15.0,7.0,,,0.0,0.0,2025-2026,Aston Villa
2025-10-19,14:00,Premier League,Matchweek 8,Sun,Away,W,2,1,Tottenham,47.0,61291.0,John McGinn,4-2-3-1,4-2-3-1,Simon Hooper,Match Report,,8.0,2.0,,,0.0,0.0,2025-2026,Aston Villa
2025-10-26,14:00,Premier League,Matchweek 9,Sun,Home,W,1,0,Manchester City,47.0,41988.0,John McGinn,4-2-3-1,4-1-4-1,Michael Oliver,Match Report,,9.0,3.0,,,0.0,0.0,2025-2026,Aston Villa
2025-11-01,20:00,Premier League,Matchweek 10,Sat,Away,L,0,2,Liverpool,46.0,60407.0,John McGinn,4-2-3-1,4-2-3-1,Stuart Attwell,Match Report,,10.0,3.0,,,0.0,0.0,2025-2026,Aston Villa
2025-11-09,14:00,Premier League,Matchweek 11,Sun,Home,W,4,0,Bournemouth,52.0,40792.0,John McGinn,4-4-2,4-2-3-1,John Brooks,Match Report,,16.0,8.0,,,0.0,0.0,2025-2026,Aston Villa
2025-11-23,14:00,Premier League,Matchweek 12,Sun,Away,W,2,1,Leeds United,53.0,36819.0,John McGinn,4-4-2,4-3-3,Robert Jones,Match Report,,14.0,3.0,,,0.0,0.0,2025-2026,Aston Villa
2025-11-30,14:05,Premier League,Matchweek 13,Sun,Home,W,1,0,Wolves,53.0,42139.0,John McGinn,4-2-3-1,3-4-3,Chris Kavanagh,Match Report,,16.0,6.0,,,0.0,0.0,2025-2026,Aston Villa
2025-12-03,19:30,Premier League,Matchweek 14,Wed,Away,W,4,3,Brighton,44.0,31247.0,John McGinn,4-2-3-1,4-2-3-1,Andy Madley,Match Report,,14.0,10.0,,,0.0,0.0,2025-2026,Aston Villa
2025-12-06,12:30,Premier League,Matchweek 15,Sat,Home,W,2,1,Arsenal,47.0,42888.0,John McGinn,4-2-3-1,4-3-3,Peter Bankes,Match Report,,15.0,6.0,,,0.0,0.0,2025-2026,Aston Villa
2025-12-14,14:00,Premier League,Matchweek 16,Sun,Away,W,3,2,West Ham,59.0,62447.0,John McGinn,4-2-3-1,4-3-1-2,Anthony Taylor,Match Report,,7.0,4.0,,,0.0,0.0,2025-2026,Aston Villa
2025-12-21,16:30,Premier League,Matchweek 17,Sun,Home,W,2,1,Manchester Utd,43.0,43157.0,John McGinn,4-2-3-1,3-4-3,Michael Oliver,Match Report,,12.0,4.0,,,0.0,0.0,2025-2026,Aston Villa
2025-12-27,17:30,Premier League,Matchweek 18,Sat,Away,W,2,1,Chelsea,37.0,39765.0,John McGinn,4-4-2,4-2-3-1,Stuart Attwell,Match Report,,11.0,8.0,,,0.0,0.0,2025-2026,Aston Villa
2025-12-30,20:15,Premier League,Matchweek 19,Tue,Away,L,1,4,Arsenal,53.0,60279.0,Ezri Konsa,4-2-3-1,4-3-3,Darren England,Match Report,,11.0,3.0,,,0.0,0.0,2025-2026,Aston Villa
2026-01-03,12:30,Premier League,Matchweek 20,Sat,Home,W,3,1,Nottingham,73.0,43039.0,John McGinn,4-2-3-1,4-5-1,Simon Hooper,Match Report,,11.0,4.0,,,0.0,0.0,2025-2026,Aston Villa
2026-01-07,19:30,Premier League,Matchweek 21,Wed,Away,D,0,0,Crystal Palace,59.0,24841.0,John McGinn,4-2-3-1,3-4-3,Andy Madley,Match Report,,15.0,3.0,,,0.0,0.0,2025-2026,Aston Villa
2026-01-18,16:30,Premier League,Matchweek 22,Sun,Home,L,0,1,Everton,64.0,43059.0,John McGinn,4-2-3-1,4-2-3-1,Tony Harrington,Match Report,,18.0,5.0,,,0.0,0.0,2025-2026,Aston Villa
2026-01-25,14:00,Premier League,Matchweek 23,Sun,Away,W,2,0,Newcastle,40.0,52134.0,Ezri Konsa,4-2-3-1,4-3-3,Jarred Gillett,Match Report,,14.0,8.0,,,0.0,0.0,2025-2026,Aston Villa
2026-02-01,14:00,Premier League,Matchweek 24,Sun,Home,L,0,1,Brentford,72.0,41415.0,Ezri Konsa,4-2-3-1,4-2-3-1,Tim Robinson,Match Report,,27.0,5.0,,,0.0,0.0,2025-2026,Aston Villa
2026-02-07,15:00,Premier League,Matchweek 25,Sat,Away,D,1,1,Bournemouth,47.0,11248.0,Ezri Konsa,4-2-3-1,4-2-3-1,Anthony Taylor,Match Report,,7.0,4.0,,,0.0,0.0,2025-2026,Aston Villa
2026-02-11,19:30,Premier League,Matchweek 26,Wed,Home,W,1,0,Brighton,50.0,39495.0,Ezri Konsa,4-2-3-1,4-3-3,Peter Bankes,Match Report,,15.0,1.0,,,0.0,0.0,2025-2026,Aston Villa
2026-02-21,15:00,Premier League,Matchweek 27,Sat,Home,D,1,1,Leeds United,67.0,43048.0,Ezri Konsa,4-2-3-1,5-4-1,Michael Oliver,Match Report,,16.0,4.0,,,0.0,0.0,2025-2026,Aston Villa
2026-02-27,20:00,Premier League,Matchweek 28,Fri,Away,L,0,2,Wolves,61.0,30197.0,Ezri Konsa,4-2-3-1,3-4-3,Craig Pawson,Match Report,,14.0,5.0,,,0.0,0.0,2025-2026,Aston Villa
2026-03-04,19:30,Premier League,Matchweek 29,Wed,Home,L,1,4,Chelsea,43.0,42084.0,Ezri Konsa,4-2-3-1,4-3-3,Jarred Gillett,Match Report,,9.0,4.0,,,0.0,0.0,2025-2026,Aston Villa
2026-03-15,14:00,Premier League,Matchweek 30,Sun,Away,L,1,3,Manchester Utd,47.0,73997.0,John McGinn,4-2-3-1,4-2-3-1,Anthony Taylor,Match Report,,9.0,2.0,,,0.0,0.0,2025-2026,Aston Villa
2026-03-22,14:15,Premier League,Matchweek 31,Sun,Home,W,2,0,West Ham,59.0,42130.0,John McGinn,4-2-3-1,4-3-3,Paul Tierney,Match Report,,23.0,7.0,,,0.0,0.0,2025-2026,Aston Villa
2026-04-12,14:00,Premier League,Matchweek 32,Sun,Away,D,1,1,Nottingham,59.0,30591.0,John McGinn,4-2-3-1,4-2-3-1,Michael Salisbury,Match Report,,12.0,5.0,,,0.0,0.0,2025-2026,Aston Villa
2026-04-19,14:00,Premier League,Matchweek 33,Sun,Home,W,4,3,Sunderland,50.0,42599.0,John McGinn,4-2-3-1,4-2-3-1,Samuel Barrott,Match Report,,15.0,7.0,,,0.0,0.0,2025-2026,Aston Villa
2026-04-25,12:30,Premier League,Matchweek 34,Sat,Away,L,0,1,Fulham,61.0,27606.0,John McGinn,4-2-3-1,4-2-3-1,Michael Oliver,Match Report,,10.0,1.0,,,0.0,0.0,2025-2026,Aston Villa
2026-05-03,19:00,Premier League,Matchweek 35,Sun,Home,L,1,2,Tottenham,46.0,42767.0,Tyrone Mings,4-2-3-1,4-2-3-1,Samuel Barrott,Match Report,,5.0,1.0,,,0.0,0.0,2025-2026,Aston Villa
2026-05-10,14:00,Premier League,Matchweek 36,Sun,Away,D,2,2,Burnley,66.0,21196.0,John McGinn,4-2-3-1,4-2-3-1,Anthony Taylor,Match Report,,18.0,7.0,,,0.0,0.0,2025-2026,Aston Villa
2026-05-15,20:00,Premier League,Matchweek 37,Fri,Home,W,4,2,Liverpool,45.0,43033.0,John McGinn,4-2-3-1,4-2-3-1,Chris Kavanagh,Match Report,,14.0,9.0,,,0.0,0.0,2025-2026,Aston Villa
2026-05-24,16:00,Premier League,Matchweek 38,Sun,Away,W,2,1,Manchester City,48.0,60332.0,Tyrone Mings,4-2-3-1,4-2-2-2,Andy Madley,Match Report,,12.0,5.0,,,0.0,0.0,2025-2026,Aston Villa
2025-08-15,20:00,Premier League,Matchweek 1,Fri,Away,L,2,4,Liverpool,39.0,60315.0,Adam Smith,4-1-4-1,4-2-3-1,Anthony Taylor,Match Report,,10.0,3.0,,,0.0,0.0,2025-2026,Bournemouth
2025-08-23,15:00,Premier League,Matchweek 2,Sat,Home,W,1,0,Wolves,59.0,11070.0,Adam Smith,4-1-4-1,3-4-3,Thomas Bramall,Match Report,,14.0,4.0,,,0.0,0.0,2025-2026,Bournemouth
2025-08-30,15:00,Premier League,Matchweek 3,Sat,Away,W,1,0,Tottenham,38.0,61250.0,Adam Smith,4-2-3-1,4-3-3,Simon Hooper,Match Report,,20.0,6.0,,,0.0,0.0,2025-2026,Bournemouth
2025-09-13,15:00,Premier League,Matchweek 4,Sat,Home,W,2,1,Brighton,52.0,11167.0,David Brooks,4-2-3-1,4-2-3-1,Peter Bankes,Match Report,,13.0,5.0,,,1.0,1.0,2025-2026,Bournemouth
2025-09-21,14:00,Premier League,Matchweek 5,Sun,Home,D,0,0,Newcastle,56.0,11212.0,David Brooks,4-2-3-1,3-4-3,Robert Jones,Match Report,,11.0,2.0,,,0.0,0.0,2025-2026,Bournemouth
2025-09-27,15:00,Premier League,Matchweek 6,Sat,Away,D,2,2,Leeds United,59.0,36574.0,Ryan Christie,4-2-3-1,4-3-3,Michael Oliver,Match Report,,12.0,5.0,,,0.0,0.0,2025-2026,Bournemouth
2025-10-03,20:00,Premier League,Matchweek 7,Fri,Home,W,3,1,Fulham,53.0,11165.0,David Brooks,4-2-3-1,3-4-3,Simon Hooper,Match Report,,11.0,6.0,,,0.0,0.0,2025-2026,Bournemouth
2025-10-18,15:00,Premier League,Matchweek 8,Sat,Away,D,3,3,Crystal Palace,48.0,25125.0,Marcus Tavernier,4-2-3-1,3-4-3,Jarred Gillett,Match Report,,8.0,5.0,,,0.0,0.0,2025-2026,Bournemouth
2025-10-26,14:00,Premier League,Matchweek 9,Sun,Home,W,2,0,Nottingham,52.0,11204.0,Marcus Tavernier,4-2-3-1,4-2-3-1,Samuel Barrott,Match Report,,13.0,5.0,,,0.0,0.0,2025-2026,Bournemouth
2025-11-02,16:30,Premier League,Matchweek 10,Sun,Away,L,1,3,Manchester City,52.0,52387.0,David Brooks,4-2-3-1,4-3-2-1,Anthony Taylor,Match Report,,8.0,5.0,,,0.0,0.0,2025-2026,Bournemouth
2025-11-09,14:00,Premier League,Matchweek 11,Sun,Away,L,0,4,Aston Villa,48.0,40792.0,Adam Smith,4-2-3-1,4-4-2,John Brooks,Match Report,,13.0,4.0,,,0.0,1.0,2025-2026,Bournemouth
2025-11-22,15:00,Premier League,Matchweek 12,Sat,Home,D,2,2,West Ham,76.0,11216.0,Lewis Cook,4-2-3-1,3-4-3,Thomas Bramall,Match Report,,28.0,10.0,,,1.0,1.0,2025-2026,Bournemouth
2025-11-29,15:00,Premier League,Matchweek 13,Sat,Away,L,2,3,Sunderland,57.0,46973.0,Adam Smith,4-2-3-1,4-2-3-1,Tim Robinson,Match Report,,18.0,6.0,,,0.0,0.0,2025-2026,Bournemouth
2025-12-02,19:30,Premier League,Matchweek 14,Tue,Home,L,0,1,Everton,55.0,11161.0,Antoine Semenyo,4-2-3-1,4-2-3-1,Michael Salisbury,Match Report,,5.0,2.0,,,0.0,0.0,2025-2026,Bournemouth
2025-12-06,15:00,Premier League,Matchweek 15,Sat,Home,D,0,0,Chelsea,39.0,11240.0,Adam Smith,4-2-3-1,4-2-3-1,Michael Oliver,Match Report,,13.0,5.0,,,0.0,0.0,2025-2026,Bournemouth
2025-12-15,20:00,Premier League,Matchweek 16,Mon,Away,D,4,4,Manchester Utd,44.0,73951.0,Adam Smith,4-2-3-1,3-4-3,Simon Hooper,Match Report,,14.0,9.0,,,0.0,0.0,2025-2026,Bournemouth
2025-12-20,15:00,Premier League,Matchweek 17,Sat,Home,D,1,1,Burnley,65.0,10762.0,Lewis Cook,4-2-3-1,4-4-2,Chris Kavanagh,Match Report,,16.0,1.0,,,0.0,0.0,2025-2026,Bournemouth
2025-12-27,15:00,Premier League,Matchweek 18,Sat,Away,L,1,4,Brentford,51.0,17152.0,Adam Smith,4-2-3-1,4-2-3-1,Peter Bankes,Match Report,,20.0,10.0,,,0.0,0.0,2025-2026,Bournemouth
2025-12-30,19:30,Premier League,Matchweek 19,Tue,Away,D,2,2,Chelsea,33.0,39765.0,David Brooks,4-2-3-1,4-2-3-1,Samuel Barrott,Match Report,,17.0,6.0,,,0.0,0.0,2025-2026,Bournemouth
2026-01-03,17:30,Premier League,Matchweek 20,Sat,Home,L,2,3,Arsenal,43.0,11240.0,David Brooks,4-2-3-1,4-3-3,Chris Kavanagh,Match Report,,15.0,3.0,,,0.0,0.0,2025-2026,Bournemouth
2026-01-07,19:30,Premier League,Matchweek 21,Wed,Home,W,3,2,Tottenham,42.0,11212.0,Lewis Cook,4-2-3-1,4-2-3-1,Darren England,Match Report,,11.0,3.0,,,0.0,0.0,2025-2026,Bournemouth
2026-01-19,20:00,Premier League,Matchweek 22,Mon,Away,D,1,1,Brighton,34.0,30172.0,Lewis Cook,4-2-3-1,4-2-3-1,Paul Tierney,Match Report,,12.0,2.0,,,1.0,1.0,2025-2026,Bournemouth
2026-01-24,17:30,Premier League,Matchweek 23,Sat,Home,W,3,2,Liverpool,33.0,11260.0,Adam Smith,4-2-3-1,4-2-2-2,Michael Salisbury,Match Report,,12.0,5.0,,,0.0,0.0,2025-2026,Bournemouth
2026-01-31,15:00,Premier League,Matchweek 24,Sat,Away,W,2,0,Wolves,48.0,30161.0,Adam Smith,4-2-3-1,3-5-2,Michael Oliver,Match Report,,9.0,4.0,,,0.0,0.0,2025-2026,Bournemouth
2026-02-07,15:00,Premier League,Matchweek 25,Sat,Home,D,1,1,Aston Villa,53.0,11248.0,Lewis Cook,4-2-3-1,4-2-3-1,Anthony Taylor,Match Report,,20.0,9.0,,,0.0,0.0,2025-2026,Bournemouth
2026-02-10,19:30,Premier League,Matchweek 26,Tue,Away,W,2,1,Everton,47.0,51793.0,Ryan Christie,4-2-3-1,4-2-3-1,Andy Madley,Match Report,,11.0,4.0,,,0.0,0.0,2025-2026,Bournemouth
2026-02-21,17:30,Premier League,Matchweek 27,Sat,Away,D,0,0,West Ham,58.0,62437.0,Marcos Senesi,4-2-3-1,4-2-3-1,Samuel Barrott,Match Report,,10.0,5.0,,,0.0,0.0,2025-2026,Bournemouth
2026-02-28,12:30,Premier League,Matchweek 28,Sat,Home,D,1,1,Sunderland,62.0,11240.0,David Brooks,4-2-3-1,4-2-3-1,Jarred Gillett,Match Report,,21.0,5.0,,,0.0,0.0,2025-2026,Bournemouth
2026-03-03,19:30,Premier League,Matchweek 29,Tue,Home,D,0,0,Brentford,48.0,11108.0,Ryan Christie,4-2-3-1,4-2-3-1,Craig Pawson,Match Report,,13.0,2.0,,,0.0,0.0,2025-2026,Bournemouth
2026-03-14,15:00,Premier League,Matchweek 30,Sat,Away,D,0,0,Burnley,62.0,20281.0,Adam Smith,4-2-3-1,4-2-3-1,Peter Bankes,Match Report,,22.0,3.0,,,0.0,0.0,2025-2026,Bournemouth
2026-03-20,20:00,Premier League,Matchweek 31,Fri,Home,D,2,2,Manchester Utd,55.0,11250.0,Ryan Christie,4-2-3-1,4-2-3-1,Stuart Attwell,Match Report,,16.0,5.0,,,1.0,1.0,2025-2026,Bournemouth
2026-04-11,12:30,Premier League,Matchweek 32,Sat,Away,W,2,1,Arsenal,47.0,60210.0,Ryan Christie,4-2-3-1,4-2-3-1,Michael Oliver,Match Report,,8.0,3.0,,,0.0,0.0,2025-2026,Bournemouth
2026-04-18,15:00,Premier League,Matchweek 33,Sat,Away,W,2,1,Newcastle,46.0,52109.0,Ryan Christie,4-2-3-1,4-3-3,Thomas Bramall,Match Report,,12.0,3.0,,,0.0,0.0,2025-2026,Bournemouth
2026-04-22,20:00,Premier League,Matchweek 34,Wed,Home,D,2,2,Leeds United,60.0,11226.0,David Brooks,4-2-3-1,3-4-3,Michael Salisbury,Match Report,,17.0,7.0,,,0.0,0.0,2025-2026,Bournemouth
2026-05-03,14:00,Premier League,Matchweek 35,Sun,Home,W,3,0,Crystal Palace,49.0,11122.0,Marcus Tavernier,4-2-3-1,3-4-3,Robert Jones,Match Report,,16.0,5.0,,,1.0,1.0,2025-2026,Bournemouth
2026-05-09,15:00,Premier League,Matchweek 36,Sat,Away,W,1,0,Fulham,40.0,27626.0,Adam Smith,4-2-3-1,4-2-3-1,Andy Madley,Match Report,,10.0,5.0,,,0.0,0.0,2025-2026,Bournemouth
2026-05-19,19:30,Premier League,Matchweek 37,Tue,Home,D,1,1,Manchester City,45.0,11218.0,Adam Smith,4-2-3-1,4-1-4-1,Anthony Taylor,Match Report,,10.0,2.0,,,0.0,0.0,2025-2026,Bournemouth
2026-05-24,16:00,Premier League,Matchweek 38,Sun,Away,D,1,1,Nottingham,55.0,30741.0,Adam Smith,4-2-3-1,4-4-2,Craig Pawson,Match Report,,17.0,4.0,,,0.0,0.0,2025-2026,Bournemouth
2025-08-17,14:00,Premier League,Matchweek 1,Sun,Away,L,1,3,Nottingham,45.0,29949.0,Nathan Collins,4-2-3-1,4-2-3-1,Peter Bankes,Match Report,,10.0,3.0,,,1.0,1.0,2025-2026,Brentford
2025-08-23,15:00,Premier League,Matchweek 2,Sat,Home,W,1,0,Aston Villa,24.0,16838.0,Nathan Collins,4-2-3-1,4-2-3-1,Tony Harrington,Match Report,,9.0,2.0,,,0.0,0.0,2025-2026,Brentford
2025-08-30,15:00,Premier League,Matchweek 3,Sat,Away,L,1,2,Sunderland,46.0,46267.0,Nathan Collins,4-2-3-1,4-3-3,Anthony Taylor,Match Report,,7.0,4.0,,,0.0,1.0,2025-2026,Brentford
2025-09-13,20:00,Premier League,Matchweek 4,Sat,Home,D,2,2,Chelsea,34.0,16795.0,Nathan Collins,5-3-2,4-2-3-1,Stuart Attwell,Match Report,,7.0,4.0,,,0.0,0.0,2025-2026,Brentford
2025-09-20,20:00,Premier League,Matchweek 5,Sat,Away,L,1,3,Fulham,47.0,26113.0,Nathan Collins,5-3-2,4-2-3-1,Michael Oliver,Match Report,,8.0,3.0,,,0.0,0.0,2025-2026,Brentford
2025-09-27,12:30,Premier League,Matchweek 6,Sat,Home,W,3,1,Manchester Utd,44.0,17193.0,Nathan Collins,4-2-3-1,3-4-3,Craig Pawson,Match Report,,10.0,8.0,,,0.0,0.0,2025-2026,Brentford
2025-10-05,16:30,Premier League,Matchweek 7,Sun,Home,L,0,1,Manchester City,30.0,17028.0,Nathan Collins,5-3-2,4-1-4-1,Darren England,Match Report,,6.0,1.0,,,0.0,0.0,2025-2026,Brentford
2025-10-20,20:00,Premier League,Matchweek 8,Mon,Away,W,2,0,West Ham,57.0,62452.0,Nathan Collins,4-2-3-1,4-2-3-1,Andy Madley,Match Report,,22.0,7.0,,,0.0,0.0,2025-2026,Brentford
2025-10-25,20:00,Premier League,Matchweek 9,Sat,Home,W,3,2,Liverpool,34.0,17214.0,Nathan Collins,4-2-3-1,4-2-3-1,Simon Hooper,Match Report,,17.0,8.0,,,1.0,1.0,2025-2026,Brentford
2025-11-01,15:00,Premier League,Matchweek 10,Sat,Away,L,0,2,Crystal Palace,65.0,25083.0,Nathan Collins,4-2-3-1,3-4-3,Peter Bankes,Match Report,,6.0,2.0,,,0.0,0.0,2025-2026,Brentford
2025-11-09,14:00,Premier League,Matchweek 11,Sun,Home,W,3,1,Newcastle,49.0,17207.0,Nathan Collins,4-2-3-1,4-3-3,Stuart Attwell,Match Report,,15.0,7.0,,,1.0,1.0,2025-2026,Brentford
2025-11-22,15:00,Premier League,Matchweek 12,Sat,Away,L,1,2,Brighton,36.0,31458.0,Nathan Collins,4-2-3-1,4-2-3-1,Chris Kavanagh,Match Report,,10.0,4.0,,,1.0,2.0,2025-2026,Brentford
2025-11-29,15:00,Premier League,Matchweek 13,Sat,Home,W,3,1,Burnley,52.0,17176.0,Nathan Collins,4-2-3-1,4-2-3-1,Samuel Barrott,Match Report,,14.0,4.0,,,1.0,1.0,2025-2026,Brentford
2025-12-03,19:30,Premier League,Matchweek 14,Wed,Away,L,0,2,Arsenal,38.0,60110.0,Mathias Jensen,5-3-2,4-3-3,Tony Harrington,Match Report,,6.0,1.0,,,0.0,0.0,2025-2026,Brentford
2025-12-06,15:00,Premier League,Matchweek 15,Sat,Away,L,0,2,Tottenham,47.0,60759.0,Nathan Collins,4-2-3-1,4-2-3-1,Robert Jones,Match Report,,4.0,1.0,,,0.0,0.0,2025-2026,Brentford
2025-12-14,16:30,Premier League,Matchweek 16,Sun,Home,D,1,1,Leeds United,57.0,17159.0,Nathan Collins,4-2-3-1,3-5-2,John Brooks,Match Report,,7.0,2.0,,,0.0,0.0,2025-2026,Brentford
2025-12-20,15:00,Premier League,Matchweek 17,Sat,Away,W,2,0,Wolves,56.0,27662.0,Nathan Collins,4-3-3,3-5-2,Matt Donohue,Match Report,,7.0,6.0,,,0.0,0.0,2025-2026,Brentford
2025-12-27,15:00,Premier League,Matchweek 18,Sat,Home,W,4,1,Bournemouth,49.0,17152.0,Nathan Collins,4-2-3-1,4-2-3-1,Peter Bankes,Match Report,,15.0,7.0,,,0.0,0.0,2025-2026,Brentford
2026-01-01,20:00,Premier League,Matchweek 19,Thu,Home,D,0,0,Tottenham,56.0,17141.0,Nathan Collins,4-3-3,4-3-3,Andy Madley,Match Report,,7.0,2.0,,,0.0,0.0,2025-2026,Brentford
2026-01-04,15:00,Premier League,Matchweek 20,Sun,Away,W,4,2,Everton,55.0,52514.0,Nathan Collins,4-2-3-1,4-2-3-1,Anthony Taylor,Match Report,,11.0,7.0,,,0.0,0.0,2025-2026,Brentford
2026-01-07,19:30,Premier League,Matchweek 21,Wed,Home,W,3,0,Sunderland,51.0,17016.0,Nathan Collins,4-2-3-1,4-2-3-1,Matt Donohue,Match Report,,18.0,6.0,,,0.0,0.0,2025-2026,Brentford
2026-01-17,15:00,Premier League,Matchweek 22,Sat,Away,L,0,2,Chelsea,54.0,39704.0,Nathan Collins,4-2-3-1,4-2-3-1,John Brooks,Match Report,,15.0,5.0,,,0.0,0.0,2025-2026,Brentford
2026-01-25,14:00,Premier League,Matchweek 23,Sun,Home,L,0,2,Nottingham,66.0,17134.0,Nathan Collins,4-2-3-1,4-2-3-1,Samuel Barrott,Match Report,,10.0,1.0,,,0.0,0.0,2025-2026,Brentford
2026-02-01,14:00,Premier League,Matchweek 24,Sun,Away,W,1,0,Aston Villa,28.0,41415.0,Mathias Jensen,4-2-3-1,4-2-3-1,Tim Robinson,Match Report,,6.0,2.0,,,0.0,0.0,2025-2026,Brentford
2026-02-07,17:30,Premier League,Matchweek 25,Sat,Away,W,3,2,Newcastle,46.0,52032.0,Mathias Jensen,4-2-3-1,4-3-3,Andy Madley,Match Report,,11.0,5.0,,,1.0,1.0,2025-2026,Brentford
2026-02-12,20:00,Premier League,Matchweek 26,Thu,Home,D,1,1,Arsenal,40.0,17224.0,Mathias Jensen,4-2-3-1,4-2-3-1,John Brooks,Match Report,,12.0,3.0,,,0.0,0.0,2025-2026,Brentford
2026-02-21,15:00,Premier League,Matchweek 27,Sat,Home,L,0,2,Brighton,52.0,17163.0,Mathias Jensen,4-2-3-1,4-3-3,Jarred Gillett,Match Report,,13.0,3.0,,,0.0,0.0,2025-2026,Brentford
2026-02-28,15:00,Premier League,Matchweek 28,Sat,Away,W,4,3,Burnley,58.0,20069.0,Mathias Jensen,4-2-3-1,3-4-3,Samuel Barrott,Match Report,,16.0,7.0,,,0.0,0.0,2025-2026,Brentford
2026-03-03,19:30,Premier League,Matchweek 29,Tue,Away,D,0,0,Bournemouth,52.0,11108.0,Nathan Collins,4-2-3-1,4-2-3-1,Craig Pawson,Match Report,,5.0,2.0,,,0.0,0.0,2025-2026,Brentford
2026-03-16,20:00,Premier League,Matchweek 30,Mon,Home,D,2,2,Wolves,49.0,17155.0,Nathan Collins,4-1-4-1,3-4-3,Stuart Attwell,Match Report,,10.0,3.0,,,0.0,0.0,2025-2026,Brentford
2026-03-21,20:00,Premier League,Matchweek 31,Sat,Away,D,0,0,Leeds United,43.0,36386.0,Nathan Collins,5-3-2,3-4-1-2,Jarred Gillett,Match Report,,6.0,2.0,,,0.0,0.0,2025-2026,Brentford
2026-04-11,15:00,Premier League,Matchweek 32,Sat,Home,D,2,2,Everton,55.0,17220.0,Nathan Collins,4-2-3-1,4-2-3-1,Farai Hallam,Match Report,,17.0,4.0,,,1.0,1.0,2025-2026,Brentford
2026-04-18,12:30,Premier League,Matchweek 33,Sat,Home,D,0,0,Fulham,48.0,17171.0,Nathan Collins,4-2-3-1,4-2-3-1,Paul Tierney,Match Report,,13.0,4.0,,,0.0,0.0,2025-2026,Brentford
2026-04-27,20:00,Premier League,Matchweek 34,Mon,Away,L,1,2,Manchester Utd,55.0,73773.0,Nathan Collins,4-2-3-1,4-2-3-1,Chris Kavanagh,Match Report,,12.0,4.0,,,0.0,0.0,2025-2026,Brentford
2026-05-02,15:00,Premier League,Matchweek 35,Sat,Home,W,3,0,West Ham,48.0,17194.0,Nathan Collins,4-2-3-1,4-4-1-1,Craig Pawson,Match Report,,14.0,6.0,,,1.0,1.0,2025-2026,Brentford
2026-05-09,17:30,Premier League,Matchweek 36,Sat,Away,L,0,3,Manchester City,41.0,52489.0,Nathan Collins,4-4-2,4-2-3-1,Michael Salisbury,Match Report,,4.0,2.0,,,0.0,0.0,2025-2026,Brentford
2026-05-17,15:00,Premier League,Matchweek 37,Sun,Home,D,2,2,Crystal Palace,58.0,17213.0,Nathan Collins,4-2-3-1,3-4-3,Samuel Barrott,Match Report,,14.0,3.0,,,0.0,0.0,2025-2026,Brentford
2026-05-24,16:00,Premier League,Matchweek 38,Sun,Away,D,1,1,Liverpool,40.0,60325.0,Nathan Collins,4-2-3-1,4-2-3-1,Darren England,Match Report,,11.0,2.0,,,0.0,0.0,2025-2026,Brentford
2025-08-16,15:00,Premier League,Matchweek 1,Sat,Home,D,1,1,Fulham,50.0,31478.0,Lewis Dunk,4-2-3-1,4-2-3-1,Samuel Barrott,Match Report,,10.0,4.0,,,1.0,1.0,2025-2026,Brighton & Hove Albion
2025-08-24,14:00,Premier League,Matchweek 2,Sun,Away,L,0,2,Everton,57.0,51759.0,Lewis Dunk,4-2-3-1,4-2-3-1,Stuart Attwell,Match Report,,13.0,4.0,,,0.0,1.0,2025-2026,Brighton & Hove Albion
2025-08-31,14:00,Premier League,Matchweek 3,Sun,Home,W,2,1,Manchester City,37.0,31485.0,Lewis Dunk,4-2-3-1,4-3-3,Darren England,Match Report,,12.0,7.0,,,1.0,1.0,2025-2026,Brighton & Hove Albion
2025-09-13,15:00,Premier League,Matchweek 4,Sat,Away,L,1,2,Bournemouth,48.0,11167.0,Lewis Dunk,4-2-3-1,4-2-3-1,Peter Bankes,Match Report,,6.0,2.0,,,0.0,0.0,2025-2026,Brighton & Hove Albion
2025-09-20,15:00,Premier League,Matchweek 5,Sat,Home,D,2,2,Tottenham,36.0,31488.0,Lewis Dunk,4-2-3-1,4-3-3,Chris Kavanagh,Match Report,,12.0,4.0,,,0.0,0.0,2025-2026,Brighton & Hove Albion
2025-09-27,15:00,Premier League,Matchweek 6,Sat,Away,W,3,1,Chelsea,41.0,39597.0,Lewis Dunk,4-2-3-1,4-3-3,Simon Hooper,Match Report,,12.0,3.0,,,0.0,0.0,2025-2026,Brighton & Hove Albion
2025-10-05,14:00,Premier League,Matchweek 7,Sun,Away,D,1,1,Wolves,58.0,29504.0,Lewis Dunk,4-2-3-1,4-3-3,Jarred Gillett,Match Report,,17.0,6.0,,,0.0,0.0,2025-2026,Brighton & Hove Albion
2025-10-18,15:00,Premier League,Matchweek 8,Sat,Home,W,2,1,Newcastle,46.0,31620.0,Lewis Dunk,4-2-3-1,4-3-3,Craig Pawson,Match Report,,13.0,5.0,,,0.0,0.0,2025-2026,Brighton & Hove Albion
2025-10-25,17:30,Premier League,Matchweek 9,Sat,Away,L,2,4,Manchester Utd,57.0,74124.0,Lewis Dunk,4-2-3-1,3-4-3,Anthony Taylor,Match Report,,17.0,5.0,,,0.0,0.0,2025-2026,Brighton & Hove Albion
2025-11-01,15:00,Premier League,Matchweek 10,Sat,Home,W,3,0,Leeds United,50.0,31512.0,Lewis Dunk,4-2-3-1,4-1-4-1,Michael Oliver,Match Report,,14.0,7.0,,,0.0,0.0,2025-2026,Brighton & Hove Albion
2025-11-09,14:00,Premier League,Matchweek 11,Sun,Away,D,0,0,Crystal Palace,58.0,24326.0,Lewis Dunk,4-2-3-1,3-4-3,Tim Robinson,Match Report,,7.0,3.0,,,0.0,0.0,2025-2026,Brighton & Hove Albion
2025-11-22,15:00,Premier League,Matchweek 12,Sat,Home,W,2,1,Brentford,64.0,31458.0,Danny Welbeck,4-2-3-1,4-2-3-1,Chris Kavanagh,Match Report,,14.0,5.0,,,0.0,0.0,2025-2026,Brighton & Hove Albion
2025-11-30,14:05,Premier League,Matchweek 13,Sun,Away,W,2,0,Nottingham,48.0,30522.0,Lewis Dunk,4-2-3-1,4-2-3-1,Michael Oliver,Match Report,,17.0,6.0,,,0.0,0.0,2025-2026,Brighton & Hove Albion
2025-12-03,19:30,Premier League,Matchweek 14,Wed,Home,L,3,4,Aston Villa,56.0,31247.0,Lewis Dunk,4-2-3-1,4-2-3-1,Andy Madley,Match Report,,16.0,7.0,,,0.0,0.0,2025-2026,Brighton & Hove Albion
2025-12-07,14:00,Premier League,Matchweek 15,Sun,Home,D,1,1,West Ham,68.0,31293.0,Lewis Dunk,4-2-3-1,3-4-1-2,Simon Hooper,Match Report,,22.0,4.0,,,0.0,0.0,2025-2026,Brighton & Hove Albion
2025-12-13,15:00,Premier League,Matchweek 16,Sat,Away,L,0,2,Liverpool,50.0,60429.0,Lewis Dunk,4-2-3-1,4-2-3-1,Craig Pawson,Match Report,,14.0,1.0,,,0.0,0.0,2025-2026,Brighton & Hove Albion
2025-12-20,15:00,Premier League,Matchweek 17,Sat,Home,D,0,0,Sunderland,56.0,31426.0,Georginio Rutter,4-2-3-1,4-2-3-1,Darren England,Match Report,,16.0,4.0,,,0.0,0.0,2025-2026,Brighton & Hove Albion
2025-12-27,15:00,Premier League,Matchweek 18,Sat,Away,L,1,2,Arsenal,47.0,60209.0,Lewis Dunk,3-4-3,4-3-3,John Brooks,Match Report,,8.0,3.0,,,0.0,0.0,2025-2026,Brighton & Hove Albion
2025-12-30,19:30,Premier League,Matchweek 19,Tue,Away,D,2,2,West Ham,61.0,62464.0,Lewis Dunk,4-2-3-1,4-2-3-1,Michael Salisbury,Match Report,,16.0,6.0,,,1.0,2.0,2025-2026,Brighton & Hove Albion
2026-01-03,15:00,Premier League,Matchweek 20,Sat,Home,W,2,0,Burnley,60.0,31373.0,Lewis Dunk,4-2-3-1,5-4-1,Tim Robinson,Match Report,,15.0,4.0,,,0.0,0.0,2025-2026,Brighton & Hove Albion
2026-01-07,19:30,Premier League,Matchweek 21,Wed,Away,D,1,1,Manchester City,40.0,51728.0,Lewis Dunk,4-2-3-1,4-1-4-1,Thomas Bramall,Match Report,,6.0,3.0,,,0.0,0.0,2025-2026,Brighton & Hove Albion
2026-01-19,20:00,Premier League,Matchweek 22,Mon,Home,D,1,1,Bournemouth,66.0,30172.0,Lewis Dunk,4-2-3-1,4-2-3-1,Paul Tierney,Match Report,,17.0,5.0,,,0.0,0.0,2025-2026,Brighton & Hove Albion
2026-01-24,15:00,Premier League,Matchweek 23,Sat,Away,L,1,2,Fulham,50.0,27239.0,Lewis Dunk,4-3-3,4-2-3-1,Michael Oliver,Match Report,,13.0,5.0,,,0.0,0.0,2025-2026,Brighton & Hove Albion
2026-01-31,15:00,Premier League,Matchweek 24,Sat,Home,D,1,1,Everton,54.0,31419.0,Lewis Dunk,4-3-3,4-2-3-1,Chris Kavanagh,Match Report,,11.0,2.0,,,0.0,0.0,2025-2026,Brighton & Hove Albion
2026-02-08,14:00,Premier League,Matchweek 25,Sun,Home,L,0,1,Crystal Palace,63.0,31179.0,Lewis Dunk,4-2-3-1,3-4-3,Thomas Bramall,Match Report,,7.0,2.0,,,0.0,0.0,2025-2026,Brighton & Hove Albion
2026-02-11,19:30,Premier League,Matchweek 26,Wed,Away,L,0,1,Aston Villa,50.0,39495.0,Lewis Dunk,4-3-3,4-2-3-1,Peter Bankes,Match Report,,9.0,3.0,,,0.0,0.0,2025-2026,Brighton & Hove Albion
2026-02-21,15:00,Premier League,Matchweek 27,Sat,Away,W,2,0,Brentford,48.0,17163.0,Lewis Dunk,4-3-3,4-2-3-1,Jarred Gillett,Match Report,,11.0,7.0,,,0.0,0.0,2025-2026,Brighton & Hove Albion
2026-03-01,14:00,Premier League,Matchweek 28,Sun,Home,W,2,1,Nottingham,53.0,31427.0,Lewis Dunk,4-2-3-1,4-2-3-1,Andy Madley,Match Report,,14.0,7.0,,,0.0,0.0,2025-2026,Brighton & Hove Albion
2026-03-04,19:30,Premier League,Matchweek 29,Wed,Home,L,0,1,Arsenal,60.0,31575.0,Pascal Groß,4-2-3-1,4-2-3-1,Chris Kavanagh,Match Report,,11.0,3.0,,,0.0,0.0,2025-2026,Brighton & Hove Albion
2026-03-14,15:00,Premier League,Matchweek 30,Sat,Away,W,1,0,Sunderland,53.0,45497.0,Lewis Dunk,4-2-3-1,4-1-4-1,Thomas Kirk,Match Report,,12.0,4.0,,,0.0,0.0,2025-2026,Brighton & Hove Albion
2026-03-21,12:45,Premier League,Matchweek 31,Sat,Home,W,2,1,Liverpool,47.0,31680.0,Lewis Dunk,4-2-3-1,4-4-2,Darren England,Match Report,,16.0,7.0,,,0.0,0.0,2025-2026,Brighton & Hove Albion
2026-04-11,15:00,Premier League,Matchweek 32,Sat,Away,W,2,0,Burnley,50.0,20408.0,Danny Welbeck,4-2-3-1,4-2-3-1,Thomas Bramall,Match Report,,13.0,6.0,,,0.0,0.0,2025-2026,Brighton & Hove Albion
2026-04-18,17:30,Premier League,Matchweek 33,Sat,Away,D,2,2,Tottenham,58.0,61167.0,Danny Welbeck,4-2-3-1,4-3-3,Stuart Attwell,Match Report,,10.0,3.0,,,0.0,0.0,2025-2026,Brighton & Hove Albion
2026-04-21,20:00,Premier League,Matchweek 34,Tue,Home,W,3,0,Chelsea,54.0,31220.0,Pascal Groß,4-2-3-1,4-4-1-1,Craig Pawson,Match Report,,15.0,9.0,,,0.0,0.0,2025-2026,Brighton & Hove Albion
2026-05-02,15:00,Premier League,Matchweek 35,Sat,Away,L,1,3,Newcastle,67.0,52099.0,Danny Welbeck,4-2-3-1,4-2-3-1,Chris Kavanagh,Match Report,,13.0,4.0,,,0.0,0.0,2025-2026,Brighton & Hove Albion
2026-05-09,15:00,Premier League,Matchweek 36,Sat,Home,W,3,0,Wolves,72.0,31587.0,Lewis Dunk,4-2-3-1,3-4-3,John Brooks,Match Report,,13.0,6.0,,,0.0,0.0,2025-2026,Brighton & Hove Albion
2026-05-17,15:00,Premier League,Matchweek 37,Sun,Away,L,0,1,Leeds United,66.0,36880.0,Lewis Dunk,4-2-3-1,3-5-2,Michael Oliver,Match Report,,19.0,8.0,,,0.0,0.0,2025-2026,Brighton & Hove Albion
2026-05-24,16:00,Premier League,Matchweek 38,Sun,Home,L,0,3,Manchester Utd,51.0,31729.0,Lewis Dunk,4-2-3-1,4-2-3-1,Samuel Barrott,Match Report,,13.0,2.0,,,0.0,0.0,2025-2026,Brighton & Hove Albion
2025-08-17,14:00,Premier League,Matchweek 1,Sun,Home,D,0,0,Crystal Palace,71.0,39678.0,Reece James,4-2-3-1,3-4-3,Darren England,Match Report,,19.0,3.0,,,0.0,0.0,2025-2026,Chelsea
2025-08-22,20:00,Premier League,Matchweek 2,Fri,Away,W,5,1,West Ham,60.0,62462.0,Enzo Fernández,4-2-3-1,3-4-1-2,Michael Oliver,Match Report,,12.0,7.0,,,0.0,0.0,2025-2026,Chelsea
2025-08-30,12:30,Premier League,Matchweek 3,Sat,Home,W,2,0,Fulham,55.0,39745.0,Enzo Fernández,4-2-3-1,4-2-3-1,Robert Jones,Match Report,,13.0,6.0,,,1.0,1.0,2025-2026,Chelsea
2025-09-13,20:00,Premier League,Matchweek 4,Sat,Away,D,2,2,Brentford,66.0,16795.0,Enzo Fernández,4-2-3-1,5-3-2,Stuart Attwell,Match Report,,16.0,6.0,,,0.0,0.0,2025-2026,Chelsea
2025-09-20,17:30,Premier League,Matchweek 5,Sat,Away,L,1,2,Manchester Utd,59.0,74124.0,Reece James,4-2-3-1,3-4-3,Peter Bankes,Match Report,,5.0,1.0,,,0.0,0.0,2025-2026,Chelsea
2025-09-27,15:00,Premier League,Matchweek 6,Sat,Home,L,1,3,Brighton,59.0,39597.0,Reece James,4-3-3,4-2-3-1,Simon Hooper,Match Report,,13.0,3.0,,,0.0,0.0,2025-2026,Chelsea
2025-10-04,17:30,Premier League,Matchweek 7,Sat,Home,W,2,1,Liverpool,53.0,39538.0,Reece James,4-2-3-1,4-2-3-1,Anthony Taylor,Match Report,,12.0,6.0,,,0.0,0.0,2025-2026,Chelsea
2025-10-18,12:30,Premier League,Matchweek 8,Sat,Away,W,3,0,Nottingham,50.0,30495.0,Reece James,4-2-3-1,5-3-2,Chris Kavanagh,Match Report,,17.0,6.0,,,0.0,0.0,2025-2026,Chelsea
2025-10-25,15:00,Premier League,Matchweek 9,Sat,Home,L,1,2,Sunderland,69.0,39489.0,Reece James,4-2-3-1,5-4-1,Andy Madley,Match Report,,16.0,7.0,,,0.0,0.0,2025-2026,Chelsea
2025-11-01,17:30,Premier League,Matchweek 10,Sat,Away,W,1,0,Tottenham,52.0,61202.0,Reece James,4-2-3-1,4-2-3-1,Jarred Gillett,Match Report,,15.0,9.0,,,0.0,0.0,2025-2026,Chelsea
2025-11-08,20:00,Premier League,Matchweek 11,Sat,Home,W,3,0,Wolves,65.0,39467.0,Enzo Fernández,4-2-3-1,5-3-2,Andrew Kitchen,Match Report,,20.0,8.0,,,0.0,0.0,2025-2026,Chelsea
2025-11-22,12:30,Premier League,Matchweek 12,Sat,Away,W,2,0,Burnley,56.0,21499.0,Reece James,4-2-3-1,4-3-3,Peter Bankes,Match Report,,15.0,5.0,,,0.0,0.0,2025-2026,Chelsea
2025-11-30,16:30,Premier League,Matchweek 13,Sun,Home,D,1,1,Arsenal,38.0,39820.0,Reece James,4-2-3-1,4-3-3,Anthony Taylor,Match Report,,11.0,4.0,,,0.0,0.0,2025-2026,Chelsea
2025-12-03,20:15,Premier League,Matchweek 14,Wed,Away,L,1,3,Leeds United,71.0,36767.0,Enzo Fernández,4-2-3-1,3-5-2,Darren England,Match Report,,14.0,2.0,,,0.0,0.0,2025-2026,Chelsea
2025-12-06,15:00,Premier League,Matchweek 15,Sat,Away,D,0,0,Bournemouth,61.0,11240.0,Reece James,4-2-3-1,4-2-3-1,Michael Oliver,Match Report,,11.0,4.0,,,0.0,0.0,2025-2026,Chelsea
2025-12-13,15:00,Premier League,Matchweek 16,Sat,Home,W,2,0,Everton,58.0,39552.0,Reece James,4-2-3-1,4-2-3-1,Thomas Bramall,Match Report,,17.0,5.0,,,0.0,0.0,2025-2026,Chelsea
2025-12-20,12:30,Premier League,Matchweek 17,Sat,Away,D,2,2,Newcastle,53.0,52226.0,Reece James,4-2-3-1,4-3-3,Andy Madley,Match Report,,13.0,4.0,,,0.0,0.0,2025-2026,Chelsea
2025-12-27,17:30,Premier League,Matchweek 18,Sat,Home,L,1,2,Aston Villa,63.0,39765.0,Reece James,4-2-3-1,4-4-2,Stuart Attwell,Match Report,,14.0,3.0,,,0.0,0.0,2025-2026,Chelsea
2025-12-30,19:30,Premier League,Matchweek 19,Tue,Home,D,2,2,Bournemouth,67.0,39765.0,Enzo Fernández,4-2-3-1,4-2-3-1,Samuel Barrott,Match Report,,17.0,3.0,,,1.0,1.0,2025-2026,Chelsea
2026-01-04,17:30,Premier League,Matchweek 20,Sun,Away,D,1,1,Manchester City,42.0,52471.0,Reece James,4-2-3-1,4-1-4-1,Michael Oliver,Match Report,,8.0,3.0,,,0.0,0.0,2025-2026,Chelsea
2026-01-07,19:30,Premier League,Matchweek 21,Wed,Away,L,1,2,Fulham,46.0,26990.0,Enzo Fernández,4-2-3-1,3-4-3,Peter Bankes,Match Report,,14.0,6.0,,,0.0,0.0,2025-2026,Chelsea
2026-01-17,15:00,Premier League,Matchweek 22,Sat,Home,W,2,0,Brentford,46.0,39704.0,Reece James,4-2-3-1,4-2-3-1,John Brooks,Match Report,,6.0,2.0,,,1.0,1.0,2025-2026,Chelsea
2026-01-25,14:00,Premier League,Matchweek 23,Sun,Away,W,3,1,Crystal Palace,57.0,25163.0,Reece James,4-2-3-1,3-4-3,Darren England,Match Report,,10.0,6.0,,,1.0,1.0,2025-2026,Chelsea
2026-01-31,17:30,Premier League,Matchweek 24,Sat,Home,W,3,2,West Ham,70.0,39361.0,Enzo Fernández,4-1-4-1,4-4-1-1,Anthony Taylor,Match Report,,14.0,6.0,,,0.0,0.0,2025-2026,Chelsea
2026-02-07,15:00,Premier League,Matchweek 25,Sat,Away,W,3,1,Wolves,67.0,29762.0,Enzo Fernández,4-2-3-1,4-2-3-1,Jarred Gillett,Match Report,,15.0,6.0,,,2.0,2.0,2025-2026,Chelsea
2026-02-10,19:30,Premier League,Matchweek 26,Tue,Home,D,2,2,Leeds United,66.0,39253.0,Enzo Fernández,4-2-3-1,5-4-1,Robert Jones,Match Report,,19.0,4.0,,,1.0,1.0,2025-2026,Chelsea
2026-02-21,15:00,Premier League,Matchweek 27,Sat,Home,D,1,1,Burnley,67.0,39603.0,Reece James,4-2-3-1,3-4-3,Lewis Smith,Match Report,,12.0,2.0,,,0.0,0.0,2025-2026,Chelsea
2026-03-01,16:30,Premier League,Matchweek 28,Sun,Away,L,1,2,Arsenal,59.0,60296.0,Reece James,4-3-3,4-2-3-1,Darren England,Match Report,,9.0,3.0,,,0.0,0.0,2025-2026,Chelsea
2026-03-04,19:30,Premier League,Matchweek 29,Wed,Away,W,4,1,Aston Villa,57.0,42084.0,Reece James,4-3-3,4-2-3-1,Jarred Gillett,Match Report,,15.0,8.0,,,0.0,0.0,2025-2026,Chelsea
2026-03-14,17:30,Premier League,Matchweek 30,Sat,Home,L,0,1,Newcastle,67.0,39587.0,Reece James,4-2-3-1,4-2-3-1,Paul Tierney,Match Report,,22.0,3.0,,,0.0,0.0,2025-2026,Chelsea
2026-03-21,17:30,Premier League,Matchweek 31,Sat,Away,L,0,3,Everton,64.0,52547.0,Enzo Fernández,4-2-3-1,4-2-3-1,Samuel Barrott,Match Report,,12.0,4.0,,,0.0,0.0,2025-2026,Chelsea
2026-04-12,16:30,Premier League,Matchweek 32,Sun,Home,L,0,3,Manchester City,36.0,39552.0,Moisés Caicedo,4-2-3-1,4-2-3-1,Chris Kavanagh,Match Report,,12.0,3.0,,,0.0,0.0,2025-2026,Chelsea
2026-04-18,20:00,Premier League,Matchweek 33,Sat,Home,L,0,1,Manchester Utd,60.0,39733.0,Moisés Caicedo,4-2-3-1,4-2-3-1,Michael Oliver,Match Report,,21.0,3.0,,,0.0,0.0,2025-2026,Chelsea
2026-04-21,20:00,Premier League,Matchweek 34,Tue,Away,L,0,3,Brighton,46.0,31220.0,Enzo Fernández,4-4-1-1,4-2-3-1,Craig Pawson,Match Report,,6.0,0.0,,,0.0,0.0,2025-2026,Chelsea
2026-05-04,15:00,Premier League,Matchweek 35,Mon,Home,L,1,3,Nottingham,68.0,39605.0,Enzo Fernández,4-2-3-1,4-4-2,Anthony Taylor,Match Report,,21.0,5.0,,,0.0,1.0,2025-2026,Chelsea
2026-05-09,12:30,Premier League,Matchweek 36,Sat,Away,D,1,1,Liverpool,51.0,60429.0,Enzo Fernández,4-2-3-1,4-2-3-1,Craig Pawson,Match Report,,6.0,3.0,,,0.0,0.0,2025-2026,Chelsea
2026-05-19,20:15,Premier League,Matchweek 37,Tue,Home,W,2,1,Tottenham,44.0,39463.0,Enzo Fernández,4-2-3-1,4-2-3-1,Stuart Attwell,Match Report,,9.0,4.0,,,0.0,0.0,2025-2026,Chelsea
2026-05-24,16:00,Premier League,Matchweek 38,Sun,Away,L,1,2,Sunderland,55.0,47155.0,Enzo Fernández,3-4-1-2,4-2-3-1,Chris Kavanagh,Match Report,,8.0,3.0,,,0.0,0.0,2025-2026,Chelsea
2025-08-09,12:30,Championship,Matchweek 1,Sat,Home,D,0,0,Hull City,58.0,29052.0,Liam Kitching,4-2-3-1,4-3-3,Robert Madley,Match Report,,17.0,3.0,,,0.0,0.0,2025-2026,Coventry City
2025-08-16,12:30,Championship,Matchweek 2,Sat,Away,W,5,3,Derby County,53.0,30465.0,Liam Kitching,4-2-3-1,3-4-1-2,Anthony Backhouse,Match Report,,20.0,10.0,,,1.0,1.0,2025-2026,Coventry City
2025-08-23,15:00,Championship,Matchweek 3,Sat,Home,W,7,1,QPR,53.0,29015.0,Liam Kitching,4-2-3-1,4-2-3-1,Adam Herczeg,Match Report,,19.0,8.0,,,0.0,0.0,2025-2026,Coventry City
2025-08-30,15:00,Championship,Matchweek 4,Sat,Away,D,2,2,Oxford United,64.0,11279.0,Liam Kitching,4-2-3-1,5-4-1,Ruebyn Ricardo,Match Report,,15.0,6.0,,,0.0,0.0,2025-2026,Coventry City
2025-09-13,15:00,Championship,Matchweek 5,Sat,Home,D,1,1,Norwich City,64.0,30547.0,Matt Grimes,4-2-3-1,3-4-3,Gavin Ward,Match Report,,28.0,4.0,,,0.0,0.0,2025-2026,Coventry City
2025-09-20,12:30,Championship,Matchweek 6,Sat,Away,D,0,0,Leicester City,41.0,30857.0,Matt Grimes,4-2-3-1,4-2-3-1,Oliver Langford,Match Report,,11.0,3.0,,,0.0,0.0,2025-2026,Coventry City
2025-09-27,12:30,Championship,Matchweek 7,Sat,Home,W,3,0,Birmingham City,63.0,30585.0,Matt Grimes,4-2-3-1,4-2-3-1,Thomas Kirk,Match Report,,14.0,5.0,,,0.0,0.0,2025-2026,Coventry City
2025-10-01,19:45,Championship,Matchweek 8,Wed,Away,W,4,0,Millwall,37.0,14802.0,Matt Grimes,4-2-3-1,4-2-3-1,Lewis Smith,Match Report,,13.0,5.0,,,0.0,0.0,2025-2026,Coventry City
2025-10-04,12:30,Championship,Matchweek 9,Sat,Away,W,5,0,Sheffield Weds,49.0,22224.0,Matt Grimes,4-4-2,3-5-2,Adam Herczeg,Match Report,,21.0,10.0,,,0.0,0.0,2025-2026,Coventry City
2025-10-18,15:00,Championship,Matchweek 10,Sat,Home,W,2,0,Blackburn,52.0,29606.0,Matt Grimes,4-2-3-1,3-4-1-2,Samuel Allison,Match Report,,14.0,5.0,,,0.0,0.0,2025-2026,Coventry City
2025-10-21,19:45,Championship,Matchweek 11,Tue,Away,W,2,1,Portsmouth,43.0,20321.0,Matt Grimes,3-4-3,4-2-3-1,Gavin Ward,Match Report,,19.0,7.0,,,0.0,0.0,2025-2026,Coventry City
2025-10-25,12:30,Championship,Matchweek 12,Sat,Home,W,3,1,Watford,55.0,30109.0,Matt Grimes,4-2-3-1,4-2-2-2,Dean Whitestone,Match Report,,12.0,3.0,,,0.0,0.0,2025-2026,Coventry City
2025-10-31,20:00,Championship,Matchweek 13,Fri,Away,L,2,3,Wrexham,54.0,10617.0,Matt Grimes,4-4-2,3-4-1-2,Anthony Backhouse,Match Report,,18.0,5.0,,,0.0,0.0,2025-2026,Coventry City
2025-11-04,20:00,Championship,Matchweek 14,Tue,Home,W,3,1,Sheffield United,58.0,29589.0,Matt Grimes,4-3-3,4-1-3-2,James Linington,Match Report,,17.0,8.0,,,0.0,0.0,2025-2026,Coventry City
2025-11-08,15:00,Championship,Matchweek 15,Sat,Away,W,1,0,Stoke City,54.0,27421.0,Matt Grimes,4-4-2,4-2-3-1,John Busby,Match Report,,17.0,3.0,,,0.0,0.0,2025-2026,Coventry City
2025-11-22,12:30,Championship,Matchweek 16,Sat,Home,W,3,2,West Brom,67.0,29216.0,Matt Grimes,4-4-2,4-2-3-1,Andrew Kitchen,Match Report,,24.0,11.0,,,0.0,0.0,2025-2026,Coventry City
2025-11-25,19:45,Championship,Matchweek 17,Tue,Away,W,4,2,Middlesbrough,41.0,26726.0,Matt Grimes,4-2-3-1,3-4-1-2,Matt Donohue,Match Report,,20.0,8.0,,,0.0,0.0,2025-2026,Coventry City
2025-11-29,15:00,Championship,Matchweek 18,Sat,Home,W,3,1,Charlton Athletic,69.0,31141.0,Matt Grimes,4-2-3-1,3-1-4-2,David Webb,Match Report,,24.0,8.0,,,0.0,0.0,2025-2026,Coventry City
2025-12-06,15:00,Championship,Matchweek 19,Sat,Away,L,0,3,Ipswich Town,62.0,29025.0,Matt Grimes,4-2-3-1,4-2-3-1,Paul Tierney,Match Report,,10.0,4.0,,,0.0,0.0,2025-2026,Coventry City
2025-12-09,19:45,Championship,Matchweek 20,Tue,Away,D,1,1,Preston,70.0,18477.0,Matt Grimes,5-4-1,3-4-1-2,Ben Toner,Match Report,,21.0,5.0,,,0.0,0.0,2025-2026,Coventry City
2025-12-13,15:00,Championship,Matchweek 21,Sat,Home,W,1,0,Bristol City,62.0,29505.0,Matt Grimes,4-2-3-1,3-5-2,Stephen Martin,Match Report,,21.0,4.0,,,0.0,0.0,2025-2026,Coventry City
2025-12-20,12:30,Championship,Matchweek 22,Sat,Away,D,1,1,Southampton,40.0,30584.0,Matt Grimes,4-2-3-1,3-4-3,Adam Herczeg,Match Report,,8.0,4.0,,,0.0,0.0,2025-2026,Coventry City
2025-12-26,15:00,Championship,Matchweek 23,Fri,Home,W,1,0,Swansea City,46.0,30139.0,Matt Grimes,4-2-3-1,4-2-3-1,Samuel Allison,Match Report,,16.0,7.0,,,0.0,0.0,2025-2026,Coventry City
2025-12-29,18:00,Championship,Matchweek 24,Mon,Home,L,0,2,Ipswich Town,41.0,31213.0,Matt Grimes,4-2-3-1,4-2-3-1,Anthony Backhouse,Match Report,,10.0,3.0,,,0.0,0.0,2025-2026,Coventry City
2026-01-01,15:00,Championship,Matchweek 25,Thu,Away,D,1,1,Charlton Athletic,54.0,20789.0,Matt Grimes,3-4-1-2,3-1-4-2,Joshua Smith,Match Report,,20.0,7.0,,,0.0,0.0,2025-2026,Coventry City
2026-01-04,12:00,Championship,Matchweek 26,Sun,Away,L,2,3,Birmingham City,75.0,27932.0,Matt Grimes,4-2-3-1,4-2-3-1,James Linington,Match Report,,17.0,6.0,,,0.0,0.0,2025-2026,Coventry City
2026-01-17,12:30,Championship,Matchweek 27,Sat,Home,W,2,1,Leicester City,51.0,31410.0,Matt Grimes,4-2-3-1,4-2-3-1,Lewis Smith,Match Report,,18.0,6.0,,,0.0,0.0,2025-2026,Coventry City
2026-01-20,19:45,Championship,Matchweek 28,Tue,Home,W,2,1,Millwall,61.0,28605.0,Matt Grimes,4-2-3-1,4-2-3-1,Andrew Kitchen,Match Report,,15.0,4.0,,,0.0,0.0,2025-2026,Coventry City
2026-01-26,20:00,Championship,Matchweek 29,Mon,Away,L,1,2,Norwich City,51.0,25452.0,Matt Grimes,4-2-3-1,4-2-3-1,Thomas Kirk,Match Report,,15.0,5.0,,,0.0,0.0,2025-2026,Coventry City
2026-01-31,15:00,Championship,Matchweek 30,Sat,Away,L,1,2,QPR,63.0,17321.0,Matt Grimes,4-2-3-1,4-2-3-1,Joshua Smith,Match Report,,9.0,2.0,,,0.0,0.0,2025-2026,Coventry City
2026-02-07,15:01,Championship,Matchweek 31,Sat,Home,D,0,0,Oxford United,74.0,30218.0,Matt Grimes,4-2-3-1,3-4-3,Ruebyn Ricardo,Match Report,,24.0,5.0,,,0.0,0.0,2025-2026,Coventry City
2026-02-16,20:00,Championship,Matchweek 32,Mon,Home,W,3,1,Middlesbrough,29.0,30908.0,Matt Grimes,4-2-3-1,4-4-2,Thomas Bramall,Match Report,,9.0,4.0,,,1.0,1.0,2025-2026,Coventry City
2026-02-21,12:30,Championship,Matchweek 33,Sat,Away,W,2,0,West Brom,45.0,23479.0,Matt Grimes,4-2-3-1,4-2-3-1,James Linington,Match Report,,10.0,3.0,,,0.0,0.0,2025-2026,Coventry City
2026-02-25,19:45,Championship,Matchweek 34,Wed,Away,W,2,1,Sheffield United,37.0,27696.0,Matt Grimes,4-2-3-1,4-2-3-1,John Busby,Match Report,,11.0,5.0,,,0.0,0.0,2025-2026,Coventry City
2026-02-28,15:00,Championship,Matchweek 35,Sat,Home,W,2,1,Stoke City,64.0,31516.0,Matt Grimes,4-2-3-1,4-2-3-1,Andrew Kitchen,Match Report,,20.0,8.0,,,0.0,0.0,2025-2026,Coventry City
2026-03-07,15:00,Championship,Matchweek 36,Sat,Away,W,2,0,Bristol City,40.0,23492.0,Matt Grimes,4-2-3-1,3-4-1-2,Matt Donohue,Match Report,,10.0,7.0,,,0.0,0.0,2025-2026,Coventry City
2026-03-11,20:00,Championship,Matchweek 37,Wed,Home,W,3,0,Preston,68.0,27835.0,Matt Grimes,4-2-3-1,5-3-2,Lewis Smith,Match Report,,25.0,9.0,,,1.0,1.0,2025-2026,Coventry City
2026-03-14,12:30,Championship,Matchweek 38,Sat,Home,L,1,2,Southampton,57.0,31281.0,Matt Grimes,4-2-3-1,4-1-4-1,Farai Hallam,Match Report,,20.0,6.0,,,1.0,1.0,2025-2026,Coventry City
2026-03-21,17:15,Championship,Matchweek 39,Sat,Away,W,3,0,Swansea City,46.0,17732.0,Matt Grimes,4-2-3-1,4-2-3-1,Stephen Martin,Match Report,,14.0,7.0,,,1.0,1.0,2025-2026,Coventry City
2026-04-03,20:00,Championship,Matchweek 40,Fri,Home,W,3,2,Derby County,51.0,31349.0,Matt Grimes,4-2-3-1,4-2-3-1,Tom Nield,Match Report,,13.0,7.0,,,0.0,0.0,2025-2026,Coventry City
2026-04-06,20:00,Championship,Matchweek 41,Mon,Away,D,0,0,Hull City,55.0,22507.0,Matt Grimes,4-2-3-1,4-2-3-1,David Webb,Match Report,,6.0,1.0,,,0.0,0.0,2025-2026,Coventry City
2026-04-11,12:30,Championship,Matchweek 42,Sat,Home,D,0,0,Sheffield Weds,69.0,31647.0,Matt Grimes,4-2-3-1,3-4-3,Matt Donohue,Match Report,,20.0,4.0,,,0.0,0.0,2025-2026,Coventry City
2026-04-17,20:00,Championship,Matchweek 43,Fri,Away,D,1,1,Blackburn,70.0,19657.0,Matt Grimes,3-4-3,3-4-3,Lewis Smith,Match Report,,12.0,2.0,,,0.0,0.0,2025-2026,Coventry City
2026-04-21,19:45,Championship,Matchweek 44,Tue,Home,W,5,1,Portsmouth,71.0,31182.0,Matt Grimes,4-2-3-1,4-2-3-1,Andrew Kitchen,Match Report,,15.0,5.0,,,0.0,0.0,2025-2026,Coventry City
2026-04-26,12:00,Championship,Matchweek 45,Sun,Home,W,3,1,Wrexham,61.0,31003.0,Matt Grimes,4-2-3-1,3-5-1-1,Samuel Allison,Match Report,,15.0,6.0,,,0.0,0.0,2025-2026,Coventry City
2026-05-02,12:30,Championship,Matchweek 46,Sat,Away,W,4,0,Watford,56.0,19174.0,Matt Grimes,4-2-3-1,3-5-1-1,Ruebyn Ricardo,Match Report,,18.0,7.0,,,0.0,0.0,2025-2026,Coventry City
2025-08-17,14:00,Premier League,Matchweek 1,Sun,Away,D,0,0,Chelsea,29.0,39678.0,Marc Guéhi,3-4-3,4-2-3-1,Darren England,Match Report,,12.0,4.0,,,0.0,0.0,2025-2026,Crystal Palace
2025-08-24,14:00,Premier League,Matchweek 2,Sun,Home,D,1,1,Nottingham,42.0,24876.0,Marc Guéhi,3-4-3,4-2-3-1,Anthony Taylor,Match Report,,8.0,4.0,,,0.0,0.0,2025-2026,Crystal Palace
2025-08-31,19:00,Premier League,Matchweek 3,Sun,Away,W,3,0,Aston Villa,42.0,41036.0,Marc Guéhi,3-4-3,4-2-3-1,Stuart Attwell,Match Report,,6.0,4.0,,,1.0,1.0,2025-2026,Crystal Palace
2025-09-13,15:00,Premier League,Matchweek 4,Sat,Home,D,0,0,Sunderland,56.0,25154.0,Marc Guéhi,3-4-3,4-3-3,Thomas Bramall,Match Report,,14.0,6.0,,,0.0,0.0,2025-2026,Crystal Palace
2025-09-20,15:00,Premier League,Matchweek 5,Sat,Away,W,2,1,West Ham,43.0,62455.0,Marc Guéhi,3-4-3,4-2-3-1,Tony Harrington,Match Report,,18.0,3.0,,,0.0,0.0,2025-2026,Crystal Palace
2025-09-27,15:00,Premier League,Matchweek 6,Sat,Home,W,2,1,Liverpool,28.0,25118.0,Marc Guéhi,3-4-3,4-2-3-1,Chris Kavanagh,Match Report,,16.0,7.0,,,0.0,0.0,2025-2026,Crystal Palace
2025-10-05,14:00,Premier League,Matchweek 7,Sun,Away,L,1,2,Everton,50.0,51770.0,Marc Guéhi,3-4-3,4-2-3-1,Michael Salisbury,Match Report,,15.0,8.0,,,0.0,0.0,2025-2026,Crystal Palace
2025-10-18,15:00,Premier League,Matchweek 8,Sat,Home,D,3,3,Bournemouth,52.0,25125.0,Marc Guéhi,3-4-3,4-2-3-1,Jarred Gillett,Match Report,,20.0,7.0,,,1.0,1.0,2025-2026,Crystal Palace
2025-10-26,14:00,Premier League,Matchweek 9,Sun,Away,L,0,1,Arsenal,40.0,60103.0,Marc Guéhi,3-4-3,4-3-3,Thomas Bramall,Match Report,,7.0,1.0,,,0.0,0.0,2025-2026,Crystal Palace
2025-11-01,15:00,Premier League,Matchweek 10,Sat,Home,W,2,0,Brentford,36.0,25083.0,Marc Guéhi,3-4-3,4-2-3-1,Peter Bankes,Match Report,,9.0,2.0,,,0.0,0.0,2025-2026,Crystal Palace
2025-11-09,14:00,Premier League,Matchweek 11,Sun,Home,D,0,0,Brighton,42.0,24326.0,Dean Henderson,3-4-3,4-2-3-1,Tim Robinson,Match Report,,10.0,2.0,,,0.0,0.0,2025-2026,Crystal Palace
2025-11-22,15:00,Premier League,Matchweek 12,Sat,Away,W,2,0,Wolves,52.0,29976.0,Marc Guéhi,3-4-3,5-3-2,Anthony Taylor,Match Report,,10.0,4.0,,,0.0,0.0,2025-2026,Crystal Palace
2025-11-30,12:00,Premier League,Matchweek 13,Sun,Home,L,1,2,Manchester Utd,43.0,25189.0,Marc Guéhi,3-4-3,3-4-3,Robert Jones,Match Report,,14.0,3.0,,,1.0,1.0,2025-2026,Crystal Palace
2025-12-03,19:30,Premier League,Matchweek 14,Wed,Away,W,1,0,Burnley,42.0,19365.0,Marc Guéhi,3-4-3,4-4-2,Thomas Kirk,Match Report,,3.0,3.0,,,0.0,0.0,2025-2026,Crystal Palace
2025-12-07,16:30,Premier League,Matchweek 15,Sun,Away,W,2,1,Fulham,37.0,27283.0,Marc Guéhi,3-4-3,4-2-3-1,Samuel Barrott,Match Report,,11.0,5.0,,,0.0,0.0,2025-2026,Crystal Palace
2025-12-14,14:00,Premier League,Matchweek 16,Sun,Home,L,0,3,Manchester City,38.0,25166.0,Marc Guéhi,3-4-3,4-3-2-1,Darren England,Match Report,,16.0,4.0,,,0.0,0.0,2025-2026,Crystal Palace
2025-12-20,20:00,Premier League,Matchweek 17,Sat,Away,L,1,4,Leeds United,47.0,36334.0,Marc Guéhi,3-4-3,3-5-2,Thomas Bramall,Match Report,,9.0,3.0,,,1.0,1.0,2025-2026,Crystal Palace
2025-12-28,16:30,Premier League,Matchweek 18,Sun,Home,L,0,1,Tottenham,62.0,25186.0,Marc Guéhi,3-4-3,4-2-3-1,Jarred Gillett,Match Report,,15.0,2.0,,,0.0,0.0,2025-2026,Crystal Palace
2026-01-01,17:30,Premier League,Matchweek 19,Thu,Home,D,1,1,Fulham,40.0,25111.0,Marc Guéhi,3-4-3,4-2-3-1,Tony Harrington,Match Report,,11.0,2.0,,,0.0,0.0,2025-2026,Crystal Palace
2026-01-04,15:00,Premier League,Matchweek 20,Sun,Away,L,0,2,Newcastle,41.0,51979.0,Marc Guéhi,3-4-3,4-3-3,John Brooks,Match Report,,11.0,1.0,,,0.0,0.0,2025-2026,Crystal Palace
2026-01-07,19:30,Premier League,Matchweek 21,Wed,Home,D,0,0,Aston Villa,41.0,24841.0,Marc Guéhi,3-4-3,4-2-3-1,Andy Madley,Match Report,,11.0,5.0,,,0.0,0.0,2025-2026,Crystal Palace
2026-01-17,15:00,Premier League,Matchweek 22,Sat,Away,L,1,2,Sunderland,41.0,47257.0,Dean Henderson,3-4-3,4-2-3-1,Robert Jones,Match Report,,6.0,2.0,,,0.0,0.0,2025-2026,Crystal Palace
2026-01-25,14:00,Premier League,Matchweek 23,Sun,Home,L,1,3,Chelsea,43.0,25163.0,Dean Henderson,3-4-3,4-2-3-1,Darren England,Match Report,,13.0,7.0,,,0.0,0.0,2025-2026,Crystal Palace
2026-02-01,14:00,Premier League,Matchweek 24,Sun,Away,D,1,1,Nottingham,67.0,30334.0,Dean Henderson,3-4-3,4-2-3-1,Tony Harrington,Match Report,,14.0,3.0,,,1.0,1.0,2025-2026,Crystal Palace
2026-02-08,14:00,Premier League,Matchweek 25,Sun,Away,W,1,0,Brighton,37.0,31179.0,Dean Henderson,3-4-3,4-2-3-1,Thomas Bramall,Match Report,,7.0,4.0,,,0.0,0.0,2025-2026,Crystal Palace
2026-02-11,19:40,Premier League,Matchweek 26,Wed,Home,L,2,3,Burnley,65.0,24641.0,Dean Henderson,3-4-3,3-4-3,Farai Hallam,Match Report,,21.0,3.0,,,0.0,0.0,2025-2026,Crystal Palace
2026-02-22,14:00,Premier League,Matchweek 27,Sun,Home,W,1,0,Wolves,61.0,24547.0,Dean Henderson,3-4-3,3-4-3,Thomas Kirk,Match Report,,14.0,3.0,,,0.0,0.0,2025-2026,Crystal Palace
2026-03-01,14:00,Premier League,Matchweek 28,Sun,Away,L,1,2,Manchester Utd,39.0,73934.0,Dean Henderson,3-4-3,4-2-3-1,Chris Kavanagh,Match Report,,8.0,3.0,,,0.0,0.0,2025-2026,Crystal Palace
2026-03-05,20:00,Premier League,Matchweek 29,Thu,Away,W,3,1,Tottenham,60.0,60213.0,Dean Henderson,3-4-3,3-4-3,Andy Madley,Match Report,,9.0,4.0,,,1.0,1.0,2025-2026,Crystal Palace
2026-03-15,14:00,Premier League,Matchweek 30,Sun,Home,D,0,0,Leeds United,67.0,25155.0,Will Hughes,3-4-3,3-4-1-2,Thomas Bramall,Match Report,,12.0,0.0,,,0.0,0.0,2025-2026,Crystal Palace
2026-04-12,14:00,Premier League,Matchweek 32,Sun,Home,W,2,1,Newcastle,41.0,25141.0,Dean Henderson,3-4-3,4-3-3,Andy Madley,Match Report,,11.0,5.0,,,1.0,1.0,2025-2026,Crystal Palace
2026-04-20,20:00,Premier League,Matchweek 33,Mon,Home,D,0,0,West Ham,54.0,24974.0,Dean Henderson,3-4-3,4-4-1-1,Darren England,Match Report,,9.0,1.0,,,0.0,0.0,2025-2026,Crystal Palace
2026-04-25,15:00,Premier League,Matchweek 34,Sat,Away,L,1,3,Liverpool,47.0,60314.0,Dean Henderson,3-4-3,4-2-3-1,Andy Madley,Match Report,,14.0,7.0,,,0.0,0.0,2025-2026,Crystal Palace
2026-05-03,14:00,Premier League,Matchweek 35,Sun,Away,L,0,3,Bournemouth,51.0,11122.0,Dean Henderson,3-4-3,4-2-3-1,Robert Jones,Match Report,,7.0,1.0,,,0.0,0.0,2025-2026,Crystal Palace
2026-05-10,14:00,Premier League,Matchweek 36,Sun,Home,D,2,2,Everton,59.0,24958.0,Dean Henderson,3-4-3,4-2-3-1,Thomas Bramall,Match Report,,21.0,8.0,,,0.0,0.0,2025-2026,Crystal Palace
2026-05-13,20:00,Premier League,Matchweek 31,Wed,Away,L,0,3,Manchester City,28.0,51738.0,Dean Henderson,5-4-1,4-2-2-2,Stuart Attwell,Match Report,,6.0,2.0,,,0.0,0.0,2025-2026,Crystal Palace
2026-05-17,15:00,Premier League,Matchweek 37,Sun,Away,D,2,2,Brentford,42.0,17213.0,Dean Henderson,3-4-3,4-2-3-1,Samuel Barrott,Match Report,,16.0,5.0,,,1.0,1.0,2025-2026,Crystal Palace
2026-05-24,16:00,Premier League,Matchweek 38,Sun,Home,L,1,2,Arsenal,39.0,25192.0,Dean Henderson,3-4-3,4-2-3-1,Farai Hallam,Match Report,,8.0,3.0,,,0.0,0.0,2025-2026,Crystal Palace
2025-08-18,20:00,Premier League,Matchweek 1,Mon,Away,L,0,1,Leeds United,46.0,36820.0,James Tarkowski,4-2-3-1,4-3-3,Chris Kavanagh,Match Report,,7.0,1.0,,,0.0,0.0,2025-2026,Everton
2025-08-24,14:00,Premier League,Matchweek 2,Sun,Home,W,2,0,Brighton,43.0,51759.0,James Tarkowski,4-2-3-1,4-2-3-1,Stuart Attwell,Match Report,,11.0,3.0,,,0.0,0.0,2025-2026,Everton
2025-08-30,15:00,Premier League,Matchweek 3,Sat,Away,W,3,2,Wolves,42.0,30271.0,James Tarkowski,4-2-3-1,3-4-3,Michael Oliver,Match Report,,10.0,4.0,,,0.0,0.0,2025-2026,Everton
2025-09-13,15:00,Premier League,Matchweek 4,Sat,Home,D,0,0,Aston Villa,48.0,52114.0,James Tarkowski,4-2-3-1,4-2-3-1,Simon Hooper,Match Report,,20.0,2.0,,,0.0,0.0,2025-2026,Everton
2025-09-20,12:30,Premier League,Matchweek 5,Sat,Away,L,1,2,Liverpool,43.0,60342.0,James Tarkowski,4-2-3-1,4-2-3-1,Darren England,Match Report,,9.0,2.0,,,0.0,0.0,2025-2026,Everton
2025-09-29,20:00,Premier League,Matchweek 6,Mon,Home,D,1,1,West Ham,52.0,51890.0,James Tarkowski,4-2-3-1,4-1-4-1,Samuel Barrott,Match Report,,12.0,6.0,,,0.0,0.0,2025-2026,Everton
2025-10-05,14:00,Premier League,Matchweek 7,Sun,Home,W,2,1,Crystal Palace,50.0,51770.0,James Tarkowski,4-2-3-1,3-4-3,Michael Salisbury,Match Report,,14.0,7.0,,,1.0,1.0,2025-2026,Everton
2025-10-18,15:00,Premier League,Matchweek 8,Sat,Away,L,0,2,Manchester City,29.0,52498.0,James Tarkowski,4-2-3-1,4-1-4-1,Tony Harrington,Match Report,,5.0,1.0,,,0.0,0.0,2025-2026,Everton
2025-10-26,16:30,Premier League,Matchweek 9,Sun,Home,L,0,3,Tottenham,53.0,51781.0,James Tarkowski,4-2-3-1,4-2-3-1,Craig Pawson,Match Report,,12.0,2.0,,,0.0,0.0,2025-2026,Everton
2025-11-03,20:00,Premier League,Matchweek 10,Mon,Away,D,1,1,Sunderland,39.0,41476.0,James Tarkowski,4-2-3-1,3-4-3,Thomas Bramall,Match Report,,8.0,2.0,,,0.0,0.0,2025-2026,Everton
2025-11-08,15:00,Premier League,Matchweek 11,Sat,Home,W,2,0,Fulham,51.0,52491.0,James Tarkowski,4-2-3-1,4-2-3-1,Andy Madley,Match Report,,14.0,5.0,,,0.0,0.0,2025-2026,Everton
2025-11-24,20:00,Premier League,Matchweek 12,Mon,Away,W,1,0,Manchester Utd,30.0,74158.0,Séamus Coleman,4-2-3-1,3-4-3,Tony Harrington,Match Report,,3.0,1.0,,,0.0,0.0,2025-2026,Everton
2025-11-29,17:30,Premier League,Matchweek 13,Sat,Home,L,1,4,Newcastle,49.0,52489.0,James Tarkowski,4-2-3-1,4-3-3,Craig Pawson,Match Report,,10.0,2.0,,,0.0,0.0,2025-2026,Everton
2025-12-02,19:30,Premier League,Matchweek 14,Tue,Away,W,1,0,Bournemouth,45.0,11161.0,James Tarkowski,4-2-3-1,4-2-3-1,Michael Salisbury,Match Report,,13.0,3.0,,,0.0,0.0,2025-2026,Everton
2025-12-06,15:00,Premier League,Matchweek 15,Sat,Home,W,3,0,Nottingham,42.0,52501.0,James Tarkowski,4-2-3-1,4-2-3-1,Chris Kavanagh,Match Report,,11.0,5.0,,,0.0,0.0,2025-2026,Everton
2025-12-13,15:00,Premier League,Matchweek 16,Sat,Away,L,0,2,Chelsea,42.0,39552.0,James Tarkowski,4-2-3-1,4-2-3-1,Thomas Bramall,Match Report,,11.0,2.0,,,0.0,0.0,2025-2026,Everton
2025-12-20,20:00,Premier League,Matchweek 17,Sat,Home,L,0,1,Arsenal,35.0,52513.0,James Tarkowski,4-2-3-1,4-3-3,Samuel Barrott,Match Report,,5.0,1.0,,,0.0,0.0,2025-2026,Everton
2025-12-27,15:00,Premier League,Matchweek 18,Sat,Away,D,0,0,Burnley,45.0,21637.0,James Tarkowski,4-2-3-1,3-4-3,Craig Pawson,Match Report,,15.0,6.0,,,0.0,0.0,2025-2026,Everton
2025-12-30,19:30,Premier League,Matchweek 19,Tue,Away,W,2,0,Nottingham,30.0,30617.0,James Tarkowski,4-2-3-1,4-2-3-1,Michael Oliver,Match Report,,11.0,3.0,,,0.0,0.0,2025-2026,Everton
2026-01-04,15:00,Premier League,Matchweek 20,Sun,Home,L,2,4,Brentford,45.0,52514.0,James Tarkowski,4-2-3-1,4-2-3-1,Anthony Taylor,Match Report,,14.0,6.0,,,0.0,0.0,2025-2026,Everton
2026-01-07,19:30,Premier League,Matchweek 21,Wed,Home,D,1,1,Wolves,45.0,51768.0,James Tarkowski,4-3-3,3-5-2,Thomas Kirk,Match Report,,13.0,2.0,,,0.0,0.0,2025-2026,Everton
2026-01-18,16:30,Premier League,Matchweek 22,Sun,Away,W,1,0,Aston Villa,37.0,43059.0,James Tarkowski,4-2-3-1,4-2-3-1,Tony Harrington,Match Report,,9.0,3.0,,,0.0,0.0,2025-2026,Everton
2026-01-26,20:00,Premier League,Matchweek 23,Mon,Home,D,1,1,Leeds United,58.0,51979.0,James Tarkowski,4-2-3-1,3-4-3,Simon Hooper,Match Report,,10.0,3.0,,,0.0,0.0,2025-2026,Everton
2026-01-31,15:00,Premier League,Matchweek 24,Sat,Away,D,1,1,Brighton,47.0,31419.0,James Tarkowski,4-2-3-1,4-3-3,Chris Kavanagh,Match Report,,7.0,4.0,,,0.0,0.0,2025-2026,Everton
2026-02-07,15:00,Premier League,Matchweek 25,Sat,Away,W,2,1,Fulham,45.0,27155.0,James Tarkowski,4-2-3-1,4-2-3-1,Stuart Attwell,Match Report,,16.0,3.0,,,0.0,0.0,2025-2026,Everton
2026-02-10,19:30,Premier League,Matchweek 26,Tue,Home,L,1,2,Bournemouth,53.0,51793.0,James Tarkowski,4-2-3-1,4-2-3-1,Andy Madley,Match Report,,16.0,6.0,,,1.0,1.0,2025-2026,Everton
2026-02-23,20:00,Premier League,Matchweek 27,Mon,Home,L,0,1,Manchester Utd,48.0,52326.0,James Tarkowski,4-2-3-1,4-2-3-1,Darren England,Match Report,,12.0,4.0,,,0.0,0.0,2025-2026,Everton
2026-02-28,15:00,Premier League,Matchweek 28,Sat,Away,W,3,2,Newcastle,34.0,52514.0,James Tarkowski,4-2-3-1,4-2-3-1,Stuart Attwell,Match Report,,9.0,5.0,,,0.0,0.0,2025-2026,Everton
2026-03-03,19:30,Premier League,Matchweek 29,Tue,Home,W,2,0,Burnley,56.0,51959.0,James Tarkowski,4-2-3-1,3-4-3,Tim Robinson,Match Report,,14.0,5.0,,,0.0,0.0,2025-2026,Everton
2026-03-14,17:30,Premier League,Matchweek 30,Sat,Away,L,0,2,Arsenal,35.0,60176.0,Jordan Pickford,4-2-3-1,4-2-3-1,Andy Madley,Match Report,,9.0,3.0,,,0.0,0.0,2025-2026,Everton
2026-03-21,17:30,Premier League,Matchweek 31,Sat,Home,W,3,0,Chelsea,36.0,52547.0,James Tarkowski,4-2-3-1,4-2-3-1,Samuel Barrott,Match Report,,10.0,9.0,,,0.0,0.0,2025-2026,Everton
2026-04-11,15:00,Premier League,Matchweek 32,Sat,Away,D,2,2,Brentford,45.0,17220.0,James Tarkowski,4-2-3-1,4-2-3-1,Farai Hallam,Match Report,,14.0,7.0,,,0.0,0.0,2025-2026,Everton
2026-04-19,14:00,Premier League,Matchweek 33,Sun,Home,L,1,2,Liverpool,44.0,52585.0,James Tarkowski,4-2-3-1,4-2-3-1,Chris Kavanagh,Match Report,,10.0,4.0,,,0.0,0.0,2025-2026,Everton
2026-04-25,15:00,Premier League,Matchweek 34,Sat,Away,L,1,2,West Ham,56.0,62454.0,James Tarkowski,4-2-3-1,4-4-1-1,Stuart Attwell,Match Report,,11.0,3.0,,,0.0,0.0,2025-2026,Everton
2026-05-04,20:00,Premier League,Matchweek 35,Mon,Home,D,3,3,Manchester City,25.0,52257.0,James Tarkowski,4-2-3-1,4-2-3-1,Michael Oliver,Match Report,,14.0,6.0,,,0.0,0.0,2025-2026,Everton
2026-05-10,14:00,Premier League,Matchweek 36,Sun,Away,D,2,2,Crystal Palace,41.0,24958.0,James Tarkowski,4-2-3-1,3-4-3,Thomas Bramall,Match Report,,13.0,6.0,,,0.0,0.0,2025-2026,Everton
2026-05-17,15:00,Premier League,Matchweek 37,Sun,Home,L,1,3,Sunderland,49.0,52590.0,James Tarkowski,4-2-3-1,4-2-3-1,John Brooks,Match Report,,10.0,4.0,,,0.0,0.0,2025-2026,Everton
2026-05-24,16:00,Premier League,Matchweek 38,Sun,Away,L,0,1,Tottenham,50.0,61876.0,James Tarkowski,4-2-3-1,4-2-3-1,Michael Oliver,Match Report,,10.0,1.0,,,0.0,0.0,2025-2026,Everton
2025-08-16,15:00,Premier League,Matchweek 1,Sat,Away,D,1,1,Brighton,50.0,31478.0,Bernd Leno,4-2-3-1,4-2-3-1,Samuel Barrott,Match Report,,7.0,2.0,,,0.0,0.0,2025-2026,Fulham
2025-08-24,16:30,Premier League,Matchweek 2,Sun,Home,D,1,1,Manchester Utd,52.0,27512.0,Bernd Leno,4-2-3-1,3-4-3,Chris Kavanagh,Match Report,,13.0,4.0,,,0.0,0.0,2025-2026,Fulham
2025-08-30,12:30,Premier League,Matchweek 3,Sat,Away,L,0,2,Chelsea,45.0,39745.0,Bernd Leno,4-2-3-1,4-2-3-1,Robert Jones,Match Report,,11.0,3.0,,,0.0,0.0,2025-2026,Fulham
2025-09-13,15:00,Premier League,Matchweek 4,Sat,Home,W,1,0,Leeds United,54.0,27327.0,Joachim Andersen,4-2-3-1,4-3-3,Craig Pawson,Match Report,,5.0,3.0,,,0.0,0.0,2025-2026,Fulham
2025-09-20,20:00,Premier League,Matchweek 5,Sat,Home,W,3,1,Brentford,53.0,26113.0,Joachim Andersen,4-2-3-1,5-3-2,Michael Oliver,Match Report,,14.0,3.0,,,0.0,0.0,2025-2026,Fulham
2025-09-28,14:00,Premier League,Matchweek 6,Sun,Away,L,1,3,Aston Villa,52.0,40350.0,Joachim Andersen,4-2-3-1,4-2-3-1,Andy Madley,Match Report,,11.0,4.0,,,0.0,0.0,2025-2026,Fulham
2025-10-03,20:00,Premier League,Matchweek 7,Fri,Away,L,1,3,Bournemouth,47.0,11165.0,Joachim Andersen,3-4-3,4-2-3-1,Simon Hooper,Match Report,,12.0,4.0,,,0.0,0.0,2025-2026,Fulham
2025-10-18,17:30,Premier League,Matchweek 8,Sat,Home,L,0,1,Arsenal,37.0,27736.0,Tom Cairney,4-2-3-1,4-3-3,Anthony Taylor,Match Report,,9.0,0.0,,,0.0,0.0,2025-2026,Fulham
2025-10-25,15:00,Premier League,Matchweek 9,Sat,Away,L,1,2,Newcastle,49.0,52152.0,Bernd Leno,4-2-3-1,4-3-3,Peter Bankes,Match Report,,12.0,5.0,,,0.0,0.0,2025-2026,Fulham
2025-11-01,15:00,Premier League,Matchweek 10,Sat,Home,W,3,0,Wolves,64.0,26413.0,Joachim Andersen,4-2-3-1,5-3-2,John Brooks,Match Report,,19.0,6.0,,,0.0,0.0,2025-2026,Fulham
2025-11-08,15:00,Premier League,Matchweek 11,Sat,Away,L,0,2,Everton,50.0,52491.0,Joachim Andersen,4-2-3-1,4-2-3-1,Andy Madley,Match Report,,8.0,4.0,,,0.0,0.0,2025-2026,Fulham
2025-11-22,15:00,Premier League,Matchweek 12,Sat,Home,W,1,0,Sunderland,57.0,27560.0,Joachim Andersen,4-2-3-1,5-4-1,Darren England,Match Report,,24.0,6.0,,,0.0,0.0,2025-2026,Fulham
2025-11-29,20:00,Premier League,Matchweek 13,Sat,Away,W,2,1,Tottenham,37.0,60546.0,Joachim Andersen,4-2-3-1,4-2-2-2,Stuart Attwell,Match Report,,7.0,3.0,,,0.0,0.0,2025-2026,Fulham
2025-12-02,19:30,Premier League,Matchweek 14,Tue,Home,L,4,5,Manchester City,57.0,26700.0,Joachim Andersen,4-2-3-1,4-3-3,Craig Pawson,Match Report,,12.0,6.0,,,0.0,0.0,2025-2026,Fulham
2025-12-07,16:30,Premier League,Matchweek 15,Sun,Home,L,1,2,Crystal Palace,63.0,27283.0,Joachim Andersen,4-2-3-1,3-4-3,Samuel Barrott,Match Report,,12.0,4.0,,,0.0,0.0,2025-2026,Fulham
2025-12-13,17:30,Premier League,Matchweek 16,Sat,Away,W,3,2,Burnley,47.0,19739.0,Joachim Andersen,4-2-3-1,4-3-3,Michael Oliver,Match Report,,6.0,4.0,,,0.0,0.0,2025-2026,Fulham
2025-12-22,20:00,Premier League,Matchweek 17,Mon,Home,W,1,0,Nottingham,50.0,26647.0,Joachim Andersen,4-2-3-1,4-2-3-1,Anthony Taylor,Match Report,,11.0,1.0,,,1.0,1.0,2025-2026,Fulham
2025-12-27,15:00,Premier League,Matchweek 18,Sat,Away,W,1,0,West Ham,56.0,62464.0,Joachim Andersen,4-2-3-1,4-3-2-1,Chris Kavanagh,Match Report,,15.0,4.0,,,0.0,0.0,2025-2026,Fulham
2026-01-01,17:30,Premier League,Matchweek 19,Thu,Away,D,1,1,Crystal Palace,60.0,25111.0,Joachim Andersen,4-2-3-1,3-4-3,Tony Harrington,Match Report,,17.0,5.0,,,0.0,0.0,2025-2026,Fulham
2026-01-04,15:15,Premier League,Matchweek 20,Sun,Home,D,2,2,Liverpool,42.0,27547.0,Tom Cairney,3-4-3,4-2-3-1,Craig Pawson,Match Report,,8.0,2.0,,,0.0,0.0,2025-2026,Fulham
2026-01-07,19:30,Premier League,Matchweek 21,Wed,Home,W,2,1,Chelsea,55.0,26990.0,Tom Cairney,3-4-3,4-2-3-1,Peter Bankes,Match Report,,16.0,5.0,,,0.0,0.0,2025-2026,Fulham
2026-01-17,15:00,Premier League,Matchweek 22,Sat,Away,L,0,1,Leeds United,53.0,36300.0,Joachim Andersen,4-2-3-1,3-5-2,Chris Kavanagh,Match Report,,8.0,1.0,,,0.0,0.0,2025-2026,Fulham
2026-01-24,15:00,Premier League,Matchweek 23,Sat,Home,W,2,1,Brighton,50.0,27239.0,Joachim Andersen,4-2-3-1,4-3-3,Michael Oliver,Match Report,,12.0,4.0,,,0.0,0.0,2025-2026,Fulham
2026-02-01,14:00,Premier League,Matchweek 24,Sun,Away,L,2,3,Manchester Utd,58.0,73895.0,Joachim Andersen,4-2-3-1,4-2-3-1,John Brooks,Match Report,,14.0,6.0,,,1.0,1.0,2025-2026,Fulham
2026-02-07,15:00,Premier League,Matchweek 25,Sat,Home,L,1,2,Everton,55.0,27155.0,Joachim Andersen,4-2-3-1,4-2-3-1,Stuart Attwell,Match Report,,13.0,3.0,,,0.0,0.0,2025-2026,Fulham
2026-02-11,19:30,Premier League,Matchweek 26,Wed,Away,L,0,3,Manchester City,44.0,50717.0,Joachim Andersen,4-2-3-1,4-1-3-2,Paul Tierney,Match Report,,14.0,3.0,,,0.0,0.0,2025-2026,Fulham
2026-02-22,14:00,Premier League,Matchweek 27,Sun,Away,W,3,1,Sunderland,47.0,47222.0,Joachim Andersen,4-2-3-1,4-1-4-1,Craig Pawson,Match Report,,12.0,4.0,,,1.0,1.0,2025-2026,Fulham
2026-03-01,14:00,Premier League,Matchweek 28,Sun,Home,W,2,1,Tottenham,54.0,27439.0,Bernd Leno,4-2-3-1,4-4-2,Thomas Bramall,Match Report,,18.0,4.0,,,0.0,0.0,2025-2026,Fulham
2026-03-04,19:30,Premier League,Matchweek 29,Wed,Home,L,0,1,West Ham,60.0,27191.0,Tom Cairney,4-2-3-1,4-4-2,Matt Donohue,Match Report,,13.0,5.0,,,0.0,0.0,2025-2026,Fulham
2026-03-15,14:00,Premier League,Matchweek 30,Sun,Away,D,0,0,Nottingham,54.0,30013.0,Joachim Andersen,4-2-3-1,4-2-3-1,Samuel Barrott,Match Report,,5.0,0.0,,,0.0,0.0,2025-2026,Fulham
2026-03-21,15:00,Premier League,Matchweek 31,Sat,Home,W,3,1,Burnley,55.0,27323.0,Joachim Andersen,4-2-3-1,4-2-3-1,Chris Kavanagh,Match Report,,22.0,6.0,,,1.0,1.0,2025-2026,Fulham
2026-04-11,17:30,Premier League,Matchweek 32,Sat,Away,L,0,2,Liverpool,47.0,60401.0,Joachim Andersen,4-2-3-1,4-2-3-1,Anthony Taylor,Match Report,,19.0,4.0,,,0.0,0.0,2025-2026,Fulham
2026-04-18,12:30,Premier League,Matchweek 33,Sat,Away,D,0,0,Brentford,52.0,17171.0,Tom Cairney,4-2-3-1,4-2-3-1,Paul Tierney,Match Report,,11.0,0.0,,,0.0,0.0,2025-2026,Fulham
2026-04-25,12:30,Premier League,Matchweek 34,Sat,Home,W,1,0,Aston Villa,39.0,27606.0,Joachim Andersen,4-2-3-1,4-2-3-1,Michael Oliver,Match Report,,13.0,6.0,,,0.0,0.0,2025-2026,Fulham
2026-05-02,17:30,Premier League,Matchweek 35,Sat,Away,L,0,3,Arsenal,46.0,60196.0,Harrison Reed,4-2-3-1,4-2-3-1,Jarred Gillett,Match Report,,10.0,1.0,,,0.0,0.0,2025-2026,Fulham
2026-05-09,15:00,Premier League,Matchweek 36,Sat,Home,L,0,1,Bournemouth,60.0,27626.0,Tom Cairney,4-2-3-1,4-2-3-1,Andy Madley,Match Report,,14.0,2.0,,,0.0,0.0,2025-2026,Fulham
2026-05-17,15:00,Premier League,Matchweek 37,Sun,Away,D,1,1,Wolves,69.0,28709.0,Bernd Leno,4-2-3-1,4-2-3-1,Thomas Kirk,Match Report,,13.0,5.0,,,1.0,1.0,2025-2026,Fulham
2026-05-24,16:00,Premier League,Matchweek 38,Sun,Home,W,2,0,Newcastle,46.0,27442.0,Bernd Leno,4-2-3-1,3-5-2,Robert Jones,Match Report,,21.0,6.0,,,0.0,0.0,2025-2026,Fulham
2025-08-09,12:30,Championship,Matchweek 1,Sat,Away,D,0,0,Coventry City,42.0,29052.0,Charlie Hughes,4-3-3,4-2-3-1,Robert Madley,Match Report,,7.0,3.0,,,0.0,0.0,2025-2026,Hull City
2025-08-17,15:00,Championship,Matchweek 2,Sun,Home,W,3,2,Oxford United,75.0,20667.0,Charlie Hughes,4-2-3-1,4-2-3-1,Andrew Kitchen,Match Report,,19.0,7.0,,,0.0,0.0,2025-2026,Hull City
2025-08-23,12:30,Championship,Matchweek 3,Sat,Home,L,0,3,Blackburn,50.0,20518.0,John Egan,4-2-3-1,4-2-3-1,Tom Nield,Match Report,,8.0,2.0,,,0.0,0.0,2025-2026,Hull City
2025-08-30,15:00,Championship,Matchweek 4,Sat,Away,L,2,4,Bristol City,45.0,21385.0,Charlie Hughes,4-2-3-1,3-4-3,Gavin Ward,Match Report,,20.0,9.0,,,0.0,0.0,2025-2026,Hull City
2025-09-13,15:00,Championship,Matchweek 5,Sat,Away,D,2,2,Swansea City,35.0,15152.0,Lewie Coyle,4-2-3-1,4-2-3-1,David Webb,Match Report,,15.0,6.0,,,0.0,0.0,2025-2026,Hull City
2025-09-20,15:00,Championship,Matchweek 6,Sat,Home,W,3,1,Southampton,29.0,22085.0,Lewie Coyle,4-2-3-1,4-2-3-1,Anthony Backhouse,Match Report,,11.0,4.0,,,0.0,0.0,2025-2026,Hull City
2025-09-27,15:00,Championship,Matchweek 7,Sat,Away,L,1,2,Watford,44.0,17973.0,Lewie Coyle,4-2-3-1,3-4-1-2,Oliver Langford,Match Report,,11.0,4.0,,,0.0,0.0,2025-2026,Hull City
2025-09-30,19:45,Championship,Matchweek 8,Tue,Home,D,2,2,Preston,59.0,18624.0,Lewie Coyle,4-2-3-1,3-5-2,Joshua Smith,Match Report,,10.0,5.0,,,0.0,0.0,2025-2026,Hull City
2025-10-04,12:30,Championship,Matchweek 9,Sat,Home,W,1,0,Sheffield United,38.0,21030.0,Lewie Coyle,4-2-3-1,3-4-3,Gavin Ward,Match Report,,5.0,2.0,,,0.0,0.0,2025-2026,Hull City
2025-10-18,15:00,Championship,Matchweek 10,Sat,Away,W,3,2,Birmingham City,35.0,27215.0,Lewie Coyle,4-2-3-1,4-2-3-1,Ruebyn Ricardo,Match Report,,14.0,7.0,,,0.0,0.0,2025-2026,Hull City
2025-10-21,19:45,Championship,Matchweek 11,Tue,Home,W,2,1,Leicester City,36.0,20211.0,Charlie Hughes,4-2-3-1,4-2-3-1,Matt Donohue,Match Report,,9.0,6.0,,,0.0,0.0,2025-2026,Hull City
2025-10-25,15:00,Championship,Matchweek 12,Sat,Home,D,1,1,Charlton Athletic,48.0,20804.0,Charlie Hughes,3-4-1-2,3-4-1-2,Andrew Kitchen,Match Report,,15.0,4.0,,,0.0,0.0,2025-2026,Hull City
2025-11-01,12:30,Championship,Matchweek 13,Sat,Away,W,2,0,Norwich City,40.0,25724.0,Lewie Coyle,4-2-3-1,3-4-3,Joshua Smith,Match Report,,9.0,4.0,,,0.0,0.0,2025-2026,Hull City
2025-11-04,19:45,Championship,Matchweek 14,Tue,Away,L,1,2,Derby County,56.0,26391.0,Charlie Hughes,3-4-1-2,3-4-3,Stephen Martin,Match Report,,8.0,2.0,,,0.0,0.0,2025-2026,Hull City
2025-11-08,12:30,Championship,Matchweek 15,Sat,Home,W,3,2,Portsmouth,57.0,23205.0,Lewie Coyle,4-2-3-1,3-4-3,Tom Nield,Match Report,,13.0,4.0,,,0.0,0.0,2025-2026,Hull City
2025-11-22,15:00,Championship,Matchweek 16,Sat,Away,L,2,3,QPR,58.0,16587.0,Lewie Coyle,4-2-3-1,4-2-3-1,James Linington,Match Report,,8.0,4.0,,,0.0,0.0,2025-2026,Hull City
2025-11-25,19:45,Championship,Matchweek 17,Tue,Home,L,0,2,Ipswich Town,48.0,21271.0,Lewie Coyle,4-2-3-1,4-2-3-1,Lewis Smith,Match Report,,11.0,2.0,,,0.0,0.0,2025-2026,Hull City
2025-11-29,12:30,Championship,Matchweek 18,Sat,Away,W,2,1,Stoke City,44.0,22331.0,Lewie Coyle,4-4-2,4-2-3-1,Joshua Smith,Match Report,,11.0,6.0,,,0.0,0.0,2025-2026,Hull City
2025-12-05,20:15,Championship,Matchweek 19,Fri,Home,L,1,4,Middlesbrough,45.0,21105.0,Lewie Coyle,4-2-3-1,4-4-2,Dean Whitestone,Match Report,,5.0,2.0,,,1.0,1.0,2025-2026,Hull City
2025-12-10,20:00,Championship,Matchweek 20,Wed,Home,W,2,0,Wrexham,53.0,19464.0,Lewie Coyle,4-2-3-1,3-4-1-2,Andrew Kitchen,Match Report,,19.0,6.0,,,0.0,0.0,2025-2026,Hull City
2025-12-13,15:00,Championship,Matchweek 21,Sat,Away,W,3,1,Millwall,43.0,16419.0,Lewie Coyle,4-2-3-1,4-2-3-1,Gavin Ward,Match Report,,10.0,6.0,,,0.0,0.0,2025-2026,Hull City
2025-12-20,15:00,Championship,Matchweek 22,Sat,Home,W,1,0,West Brom,43.0,21218.0,Lewie Coyle,4-4-2,4-2-3-1,Ruebyn Ricardo,Match Report,,10.0,1.0,,,1.0,1.0,2025-2026,Hull City
2025-12-26,15:00,Championship,Matchweek 23,Fri,Away,D,2,2,Sheffield Weds,55.0,27929.0,Lewie Coyle,4-4-1-1,3-5-2,Stephen Martin,Match Report,,14.0,6.0,,,0.0,0.0,2025-2026,Hull City
2025-12-29,19:45,Championship,Matchweek 24,Mon,Away,W,1,0,Middlesbrough,29.0,31421.0,Lewie Coyle,3-5-2,4-2-2-2,Leigh Doughty,Match Report,,4.0,1.0,,,0.0,0.0,2025-2026,Hull City
2026-01-01,15:00,Championship,Matchweek 25,Thu,Home,L,0,1,Stoke City,52.0,23152.0,Lewie Coyle,4-2-3-1,4-2-3-1,Craig Pawson,Match Report,,15.0,1.0,,,0.0,0.0,2025-2026,Hull City
2026-01-17,15:00,Championship,Matchweek 27,Sat,Away,W,2,1,Southampton,33.0,27117.0,Lewie Coyle,4-2-3-1,3-4-3,Samuel Allison,Match Report,,8.0,3.0,,,0.0,0.0,2025-2026,Hull City
2026-01-20,19:45,Championship,Matchweek 28,Tue,Away,W,3,0,Preston,45.0,14174.0,Lewie Coyle,4-2-3-1,3-1-4-2,Stephen Martin,Match Report,,17.0,9.0,,,0.0,0.0,2025-2026,Hull City
2026-01-24,15:00,Championship,Matchweek 29,Sat,Home,W,2,1,Swansea City,30.0,21912.0,Lewie Coyle,4-2-3-1,4-1-4-1,Joshua Smith,Match Report,,10.0,7.0,,,1.0,1.0,2025-2026,Hull City
2026-01-31,15:00,Championship,Matchweek 30,Sat,Away,W,1,0,Blackburn,38.0,13769.0,Lewie Coyle,4-2-3-1,4-2-3-1,Thomas Bramall,Match Report,,11.0,4.0,,,0.0,0.0,2025-2026,Hull City
2026-02-03,19:45,Championship,Matchweek 26,Tue,Home,D,0,0,Watford,40.0,20441.0,Lewie Coyle,4-2-3-1,4-2-3-1,Leigh Doughty,Match Report,,6.0,3.0,,,0.0,0.0,2025-2026,Hull City
2026-02-07,15:01,Championship,Matchweek 31,Sat,Home,L,2,3,Bristol City,68.0,20848.0,Lewie Coyle,3-4-1-2,3-4-3,Oliver Langford,Match Report,,10.0,5.0,,,0.0,0.0,2025-2026,Hull City
2026-02-21,12:30,Championship,Matchweek 33,Sat,Home,L,1,3,QPR,59.0,21928.0,Lewie Coyle,4-2-3-1,4-4-2,Andy Madley,Match Report,,14.0,4.0,,,0.0,0.0,2025-2026,Hull City
2026-02-24,19:45,Championship,Matchweek 34,Tue,Home,W,4,2,Derby County,50.0,20391.0,Lewie Coyle,4-2-3-1,4-2-3-1,Adam Herczeg,Match Report,,9.0,3.0,,,0.0,0.0,2025-2026,Hull City
2026-02-28,12:30,Championship,Matchweek 35,Sat,Away,W,1,0,Portsmouth,34.0,20228.0,Lewie Coyle,4-2-3-1,4-2-3-1,Samuel Allison,Match Report,,2.0,2.0,,,0.0,0.0,2025-2026,Hull City
2026-03-03,19:45,Championship,Matchweek 32,Tue,Away,L,0,1,Ipswich Town,39.0,26103.0,Lewie Coyle,3-4-3,4-2-3-1,Lewis Smith,Match Report,,6.0,0.0,,,0.0,0.0,2025-2026,Hull City
2026-03-07,12:30,Championship,Matchweek 36,Sat,Home,L,1,3,Millwall,56.0,21504.0,Lewie Coyle,4-2-3-1,4-2-3-1,David Webb,Match Report,,23.0,5.0,,,0.0,0.0,2025-2026,Hull City
2026-03-10,19:45,Championship,Matchweek 37,Tue,Away,W,2,1,Wrexham,37.0,10502.0,Charlie Hughes,3-4-3,3-4-3,Stephen Martin,Match Report,,12.0,5.0,,,0.0,1.0,2025-2026,Hull City
2026-03-14,15:00,Championship,Matchweek 38,Sat,Away,L,0,3,West Brom,32.0,23245.0,Lewie Coyle,3-4-3,4-4-2,Joshua Smith,Match Report,,6.0,2.0,,,0.0,0.0,2025-2026,Hull City
2026-03-21,15:00,Championship,Matchweek 39,Sat,Home,W,3,1,Sheffield Weds,52.0,22004.0,Regan Slater,4-2-3-1,3-4-1-2,Dean Whitestone,Match Report,,9.0,5.0,,,0.0,0.0,2025-2026,Hull City
2026-04-03,15:00,Championship,Matchweek 40,Fri,Away,D,1,1,Oxford United,66.0,11477.0,Lewie Coyle,4-2-3-1,4-2-3-1,Oliver Langford,Match Report,,9.0,2.0,,,0.0,0.0,2025-2026,Hull City
2026-04-06,20:00,Championship,Matchweek 41,Mon,Home,D,0,0,Coventry City,45.0,22507.0,Lewie Coyle,4-2-3-1,4-2-3-1,David Webb,Match Report,,13.0,5.0,,,0.0,0.0,2025-2026,Hull City
2026-04-11,15:00,Championship,Matchweek 42,Sat,Away,L,1,2,Sheffield United,34.0,27850.0,Lewie Coyle,4-2-3-1,4-2-3-1,John Brooks,Match Report,,18.0,5.0,,,0.0,0.0,2025-2026,Hull City
2026-04-18,15:00,Championship,Matchweek 43,Sat,Home,D,1,1,Birmingham City,44.0,22706.0,Lewie Coyle,4-2-3-1,4-2-3-1,Stephen Martin,Match Report,,14.0,3.0,,,0.0,0.0,2025-2026,Hull City
2026-04-21,19:45,Championship,Matchweek 44,Tue,Away,D,2,2,Leicester City,49.0,27834.0,Lewie Coyle,4-2-3-1,4-2-3-1,Thomas Kirk,Match Report,,13.0,4.0,,,0.0,0.0,2025-2026,Hull City
2026-04-25,12:30,Championship,Matchweek 45,Sat,Away,L,1,2,Charlton Athletic,61.0,20671.0,Lewie Coyle,4-2-3-1,3-4-3,Tom Nield,Match Report,,14.0,4.0,,,0.0,0.0,2025-2026,Hull City
2026-05-02,12:30,Championship,Matchweek 46,Sat,Home,W,2,1,Norwich City,35.0,24616.0,Lewie Coyle,4-2-3-1,4-2-3-1,Joshua Smith,Match Report,,8.0,6.0,,,1.0,1.0,2025-2026,Hull City
2026-05-08,20:00,Championship,Promotion play-offs — Semi-finals,Fri,Home,D,0,0,Millwall,39.0,24623.0,Lewie Coyle,4-2-3-1,4-2-3-1,Gavin Ward,Match Report,Leg 1 of 2,6.0,1.0,,,0.0,0.0,2025-2026,Hull City
2026-05-11,20:00,Championship,Promotion play-offs — Semi-finals,Mon,Away,W,2,0,Millwall,34.0,17768.0,Lewie Coyle,3-4-3,4-2-3-1,Samuel Barrott,Match Report,Leg 2 of 2; Hull City won,14.0,7.0,,,0.0,0.0,2025-2026,Hull City
2026-05-23,15:30,Championship,Promotion play-offs — Final,Sat,Neutral,W,1,0,Middlesbrough,32.0,84506.0,Lewie Coyle,3-4-3,3-4-3,Jarred Gillett,Match Report,,9.0,2.0,,,0.0,0.0,2025-2026,Hull City
2025-08-08,20:00,Championship,Matchweek 1,Fri,Away,D,1,1,Birmingham City,50.0,27508.0,Dara O'Shea,4-4-1-1,4-2-3-1,Andrew Kitchen,Match Report,,7.0,1.0,,,1.0,1.0,2025-2026,Ipswich Town
2025-08-17,12:00,Championship,Matchweek 2,Sun,Home,D,1,1,Southampton,50.0,29128.0,Dara O'Shea,4-2-3-1,3-4-3,Robert Madley,Match Report,,14.0,1.0,,,0.0,0.0,2025-2026,Ipswich Town
2025-08-23,15:00,Championship,Matchweek 3,Sat,Away,L,0,1,Preston,72.0,18381.0,Dara O'Shea,4-2-3-1,3-5-2,Matt Donohue,Match Report,,15.0,2.0,,,0.0,0.0,2025-2026,Ipswich Town
2025-08-30,15:00,Championship,Matchweek 4,Sat,Home,D,2,2,Derby County,69.0,29155.0,Dara O'Shea,4-2-3-1,3-4-3,Leigh Doughty,Match Report,,18.0,5.0,,,1.0,1.0,2025-2026,Ipswich Town
2025-09-12,20:00,Championship,Matchweek 5,Fri,Home,W,5,0,Sheffield United,47.0,28012.0,Dara O'Shea,4-2-3-1,4-2-3-1,Farai Hallam,Match Report,,21.0,11.0,,,0.0,0.0,2025-2026,Ipswich Town
2025-09-27,15:00,Championship,Matchweek 7,Sat,Home,W,2,1,Portsmouth,50.0,29141.0,Dara O'Shea,4-2-3-1,4-2-3-1,Andrew Kitchen,Match Report,,14.0,5.0,,,0.0,0.0,2025-2026,Ipswich Town
2025-09-30,19:45,Championship,Matchweek 8,Tue,Away,D,1,1,Bristol City,64.0,23329.0,Dara O'Shea,4-2-3-1,3-4-3,John Busby,Match Report,,15.0,3.0,,,1.0,1.0,2025-2026,Ipswich Town
2025-10-05,12:00,Championship,Matchweek 9,Sun,Home,W,3,1,Norwich City,53.0,29809.0,Dara O'Shea,4-2-3-1,4-2-3-1,Thomas Kirk,Match Report,,19.0,9.0,,,0.0,0.0,2025-2026,Ipswich Town
2025-10-17,20:00,Championship,Matchweek 10,Fri,Away,L,1,2,Middlesbrough,52.0,27805.0,Dara O'Shea,4-2-3-1,4-2-3-1,Matt Donohue,Match Report,,17.0,5.0,,,0.0,1.0,2025-2026,Ipswich Town
2025-10-21,19:45,Championship,Matchweek 11,Tue,Home,L,0,3,Charlton Athletic,67.0,28006.0,Dara O'Shea,4-2-3-1,5-3-2,Farai Hallam,Match Report,,30.0,5.0,,,0.0,0.0,2025-2026,Ipswich Town
2025-10-25,12:30,Championship,Matchweek 12,Sat,Home,W,1,0,West Brom,54.0,28447.0,Dara O'Shea,4-2-3-1,4-2-3-1,Joshua Smith,Match Report,,15.0,4.0,,,0.0,0.0,2025-2026,Ipswich Town
2025-11-01,15:00,Championship,Matchweek 13,Sat,Away,W,4,1,QPR,62.0,17505.0,Dara O'Shea,4-2-3-1,4-4-2,Samuel Allison,Match Report,,12.0,7.0,,,0.0,0.0,2025-2026,Ipswich Town
2025-11-04,19:45,Championship,Matchweek 14,Tue,Home,D,1,1,Watford,58.0,27184.0,Dara O'Shea,4-2-3-1,4-4-2,David Webb,Match Report,,16.0,4.0,,,0.0,0.0,2025-2026,Ipswich Town
2025-11-08,15:00,Championship,Matchweek 15,Sat,Away,W,4,1,Swansea City,45.0,16783.0,Dara O'Shea,4-2-3-1,3-4-3,Edward Duckworth,Match Report,,11.0,4.0,,,0.0,0.0,2025-2026,Ipswich Town
2025-11-22,15:00,Championship,Matchweek 16,Sat,Home,D,0,0,Wrexham,63.0,29147.0,Dara O'Shea,4-2-3-1,3-5-2,Dean Whitestone,Match Report,,19.0,8.0,,,0.0,0.0,2025-2026,Ipswich Town
2025-11-25,19:45,Championship,Matchweek 17,Tue,Away,W,2,0,Hull City,52.0,21271.0,Dara O'Shea,4-2-3-1,4-2-3-1,Lewis Smith,Match Report,,16.0,6.0,,,0.0,0.0,2025-2026,Ipswich Town
2025-11-28,20:00,Championship,Matchweek 18,Fri,Away,L,1,2,Oxford United,73.0,11307.0,Dara O'Shea,4-2-3-1,4-2-3-1,Matt Donohue,Match Report,,18.0,7.0,,,0.0,0.0,2025-2026,Ipswich Town
2025-12-02,19:45,Championship,Matchweek 6,Tue,Away,D,1,1,Blackburn,55.0,13142.0,Dara O'Shea,4-2-3-1,3-4-1-2,Oliver Langford,Match Report,,11.0,2.0,,,0.0,0.0,2025-2026,Ipswich Town
2025-12-06,15:00,Championship,Matchweek 19,Sat,Home,W,3,0,Coventry City,38.0,29025.0,Dara O'Shea,4-2-3-1,4-2-3-1,Paul Tierney,Match Report,,10.0,6.0,,,0.0,0.0,2025-2026,Ipswich Town
2025-12-10,19:45,Championship,Matchweek 20,Wed,Home,W,1,0,Stoke City,43.0,27008.0,Dara O'Shea,4-2-3-1,4-2-3-1,Adam Herczeg,Match Report,,16.0,6.0,,,0.0,0.0,2025-2026,Ipswich Town
2025-12-13,15:00,Championship,Matchweek 21,Sat,Away,L,1,3,Leicester City,58.0,28942.0,Dara O'Shea,4-2-3-1,4-2-3-1,Thomas Kirk,Match Report,,13.0,2.0,,,0.0,0.0,2025-2026,Ipswich Town
2025-12-20,15:00,Championship,Matchweek 22,Sat,Home,W,3,1,Sheffield Weds,63.0,28680.0,Dara O'Shea,4-2-3-1,3-4-1-2,David Webb,Match Report,,20.0,8.0,,,0.0,0.0,2025-2026,Ipswich Town
2025-12-26,13:00,Championship,Matchweek 23,Fri,Away,D,0,0,Millwall,63.0,18843.0,Dara O'Shea,4-2-3-1,4-2-3-1,Tim Robinson,Match Report,,16.0,4.0,,,0.0,0.0,2025-2026,Ipswich Town
2025-12-29,18:00,Championship,Matchweek 24,Mon,Away,W,2,0,Coventry City,59.0,31213.0,Dara O'Shea,4-2-3-1,4-2-3-1,Anthony Backhouse,Match Report,,18.0,7.0,,,0.0,0.0,2025-2026,Ipswich Town
2026-01-01,15:00,Championship,Matchweek 25,Thu,Home,W,2,1,Oxford United,64.0,28199.0,Dara O'Shea,4-2-3-1,4-2-3-1,Will Finnie,Match Report,,19.0,7.0,,,0.0,0.0,2025-2026,Ipswich Town
2026-01-17,12:30,Championship,Matchweek 27,Sat,Home,W,3,0,Blackburn,48.0,26715.0,Dara O'Shea,4-2-3-1,3-1-4-2,Andrew Kitchen,Match Report,,17.0,7.0,,,0.0,0.0,2025-2026,Ipswich Town
2026-01-20,19:45,Championship,Matchweek 28,Tue,Home,W,2,0,Bristol City,52.0,25539.0,Dara O'Shea,4-2-3-1,3-4-3,Dean Whitestone,Match Report,,11.0,3.0,,,0.0,0.0,2025-2026,Ipswich Town
2026-01-24,15:00,Championship,Matchweek 29,Sat,Away,L,1,3,Sheffield United,58.0,28638.0,Dara O'Shea,4-2-3-1,4-2-3-1,Tom Nield,Match Report,,11.0,5.0,,,1.0,1.0,2025-2026,Ipswich Town
2026-01-31,15:00,Championship,Matchweek 30,Sat,Home,D,1,1,Preston,67.0,27549.0,Dara O'Shea,4-2-3-1,3-4-3,John Busby,Match Report,,16.0,5.0,,,1.0,1.0,2025-2026,Ipswich Town
2026-02-07,12:31,Championship,Matchweek 31,Sat,Away,W,2,1,Derby County,46.0,29498.0,Dara O'Shea,4-2-3-1,4-2-3-1,Joshua Smith,Match Report,,13.0,5.0,,,0.0,0.0,2025-2026,Ipswich Town
2026-02-21,15:00,Championship,Matchweek 33,Sat,Away,L,3,5,Wrexham,51.0,10610.0,Dara O'Shea,4-2-3-1,3-4-3,Leigh Doughty,Match Report,,13.0,6.0,,,0.0,0.0,2025-2026,Ipswich Town
2026-02-24,19:45,Championship,Matchweek 34,Tue,Away,W,2,0,Watford,52.0,18249.0,Dara O'Shea,4-2-3-1,5-4-1,Ben Toner,Match Report,,11.0,3.0,,,0.0,0.0,2025-2026,Ipswich Town
2026-02-28,15:00,Championship,Matchweek 35,Sat,Home,W,3,0,Swansea City,46.0,27594.0,Dara O'Shea,4-2-3-1,4-2-3-1,Anthony Backhouse,Match Report,,11.0,6.0,,,0.0,0.0,2025-2026,Ipswich Town
2026-03-03,19:45,Championship,Matchweek 32,Tue,Home,W,1,0,Hull City,61.0,26103.0,Dara O'Shea,4-2-3-1,3-4-3,Lewis Smith,Match Report,,15.0,7.0,,,0.0,0.0,2025-2026,Ipswich Town
2026-03-07,15:00,Championship,Matchweek 36,Sat,Home,D,1,1,Leicester City,64.0,28709.0,Dara O'Shea,4-2-3-1,4-2-3-1,John Busby,Match Report,,18.0,3.0,,,0.0,0.0,2025-2026,Ipswich Town
2026-03-10,20:00,Championship,Matchweek 37,Tue,Away,D,3,3,Stoke City,60.0,22330.0,Dara O'Shea,4-2-3-1,4-2-3-1,Thomas Kirk,Match Report,,17.0,5.0,,,0.0,0.0,2025-2026,Ipswich Town
2026-03-14,15:00,Championship,Matchweek 38,Sat,Away,W,2,0,Sheffield Weds,68.0,23437.0,Dara O'Shea,4-2-3-1,5-3-2,Tom Reeves,Match Report,,16.0,6.0,,,1.0,1.0,2025-2026,Ipswich Town
2026-03-21,12:30,Championship,Matchweek 39,Sat,Home,D,1,1,Millwall,64.0,29129.0,Dara O'Shea,4-2-3-1,4-2-3-1,Michael Salisbury,Match Report,,17.0,4.0,,,0.0,0.0,2025-2026,Ipswich Town
2026-04-06,15:00,Championship,Matchweek 41,Mon,Home,W,2,1,Birmingham City,54.0,29381.0,Dara O'Shea,4-2-3-1,4-2-3-1,Adam Herczeg,Match Report,,11.0,5.0,,,0.0,0.0,2025-2026,Ipswich Town
2026-04-11,12:30,Championship,Matchweek 42,Sat,Away,W,2,0,Norwich City,33.0,26826.0,Dara O'Shea,4-2-3-1,4-2-3-1,Anthony Backhouse,Match Report,,9.0,5.0,,,1.0,1.0,2025-2026,Ipswich Town
2026-04-14,20:00,Championship,Matchweek 26,Tue,Away,L,0,2,Portsmouth,60.0,20251.0,Dara O'Shea,4-2-3-1,4-2-3-1,Farai Hallam,Match Report,,11.0,3.0,,,0.0,0.0,2025-2026,Ipswich Town
2026-04-19,12:00,Championship,Matchweek 43,Sun,Home,D,2,2,Middlesbrough,53.0,29684.0,Dara O'Shea,4-2-3-1,3-4-3,Jarred Gillett,Match Report,,17.0,5.0,,,1.0,1.0,2025-2026,Ipswich Town
2026-04-22,19:45,Championship,Matchweek 44,Wed,Away,W,2,1,Charlton Athletic,64.0,19706.0,Dara O'Shea,4-2-3-1,3-5-2,Robert Madley,Match Report,,13.0,5.0,,,1.0,1.0,2025-2026,Ipswich Town
2026-04-25,12:30,Championship,Matchweek 45,Sat,Away,D,0,0,West Brom,54.0,25318.0,Dara O'Shea,4-2-3-1,4-4-2,Matt Donohue,Match Report,,13.0,3.0,,,0.0,0.0,2025-2026,Ipswich Town
2026-04-28,19:45,Championship,Matchweek 40,Tue,Away,D,2,2,Southampton,49.0,31180.0,Dara O'Shea,4-2-3-1,4-2-3-1,Thomas Kirk,Match Report,,19.0,9.0,,,0.0,0.0,2025-2026,Ipswich Town
2026-05-02,12:30,Championship,Matchweek 46,Sat,Home,W,3,0,QPR,52.0,29636.0,Dara O'Shea,4-2-3-1,4-4-2,Gavin Ward,Match Report,,14.0,7.0,,,0.0,0.0,2025-2026,Ipswich Town
2025-08-18,20:00,Premier League,Matchweek 1,Mon,Home,W,1,0,Everton,54.0,36820.0,Ethan Ampadu,4-3-3,4-2-3-1,Chris Kavanagh,Match Report,,21.0,3.0,,,1.0,1.0,2025-2026,Leeds United
2025-08-23,17:30,Premier League,Matchweek 2,Sat,Away,L,0,5,Arsenal,32.0,60110.0,Pascal Struijk,4-3-3,4-3-3,Jarred Gillett,Match Report,,3.0,1.0,,,0.0,0.0,2025-2026,Leeds United
2025-08-30,17:30,Premier League,Matchweek 3,Sat,Home,D,0,0,Newcastle,43.0,36727.0,Pascal Struijk,4-3-3,5-3-2,Peter Bankes,Match Report,,10.0,1.0,,,0.0,0.0,2025-2026,Leeds United
2025-09-13,15:00,Premier League,Matchweek 4,Sat,Away,L,0,1,Fulham,46.0,27327.0,Ethan Ampadu,4-3-3,4-2-3-1,Craig Pawson,Match Report,,10.0,3.0,,,0.0,0.0,2025-2026,Leeds United
2025-09-20,15:00,Premier League,Matchweek 5,Sat,Away,W,3,1,Wolves,44.0,30807.0,Ethan Ampadu,4-3-3,3-4-3,Anthony Taylor,Match Report,,6.0,4.0,,,0.0,0.0,2025-2026,Leeds United
2025-09-27,15:00,Premier League,Matchweek 6,Sat,Home,D,2,2,Bournemouth,41.0,36574.0,Ethan Ampadu,4-3-3,4-2-3-1,Michael Oliver,Match Report,,19.0,8.0,,,0.0,0.0,2025-2026,Leeds United
2025-10-04,12:30,Premier League,Matchweek 7,Sat,Home,L,1,2,Tottenham,57.0,36703.0,Ethan Ampadu,4-3-3,4-2-3-1,Thomas Bramall,Match Report,,16.0,4.0,,,0.0,0.0,2025-2026,Leeds United
2025-10-18,15:00,Premier League,Matchweek 8,Sat,Away,L,0,2,Burnley,69.0,21646.0,Ethan Ampadu,4-3-3,4-2-3-1,Tim Robinson,Match Report,,19.0,4.0,,,0.0,0.0,2025-2026,Leeds United
2025-10-24,20:00,Premier League,Matchweek 9,Fri,Home,W,2,1,West Ham,41.0,36788.0,Ethan Ampadu,4-3-3,3-4-3,Stuart Attwell,Match Report,,13.0,5.0,,,0.0,0.0,2025-2026,Leeds United
2025-11-01,15:00,Premier League,Matchweek 10,Sat,Away,L,0,3,Brighton,50.0,31512.0,Ethan Ampadu,4-1-4-1,4-2-3-1,Michael Oliver,Match Report,,5.0,2.0,,,0.0,0.0,2025-2026,Leeds United
2025-11-09,14:00,Premier League,Matchweek 11,Sun,Away,L,1,3,Nottingham,54.0,30708.0,Ethan Ampadu,4-3-3,4-2-3-1,Jarred Gillett,Match Report,,10.0,3.0,,,0.0,0.0,2025-2026,Leeds United
2025-11-23,14:00,Premier League,Matchweek 12,Sun,Home,L,1,2,Aston Villa,47.0,36819.0,Ethan Ampadu,4-3-3,4-4-2,Robert Jones,Match Report,,14.0,5.0,,,0.0,0.0,2025-2026,Leeds United
2025-11-29,15:00,Premier League,Matchweek 13,Sat,Away,L,2,3,Manchester City,38.0,52483.0,Ethan Ampadu,4-3-3,4-3-2-1,Peter Bankes,Match Report,,9.0,4.0,,,0.0,1.0,2025-2026,Leeds United
2025-12-03,20:15,Premier League,Matchweek 14,Wed,Home,W,3,1,Chelsea,29.0,36767.0,Ethan Ampadu,3-5-2,4-2-3-1,Darren England,Match Report,,17.0,5.0,,,0.0,0.0,2025-2026,Leeds United
2025-12-06,17:30,Premier League,Matchweek 15,Sat,Home,D,3,3,Liverpool,45.0,36842.0,Ethan Ampadu,3-5-2,4-2-3-1,Anthony Taylor,Match Report,,12.0,5.0,,,1.0,1.0,2025-2026,Leeds United
2025-12-14,16:30,Premier League,Matchweek 16,Sun,Away,D,1,1,Brentford,43.0,17159.0,Ethan Ampadu,3-5-2,4-2-3-1,John Brooks,Match Report,,18.0,4.0,,,0.0,0.0,2025-2026,Leeds United
2025-12-20,20:00,Premier League,Matchweek 17,Sat,Home,W,4,1,Crystal Palace,53.0,36334.0,Ethan Ampadu,3-5-2,3-4-3,Thomas Bramall,Match Report,,20.0,8.0,,,0.0,0.0,2025-2026,Leeds United
2025-12-28,14:00,Premier League,Matchweek 18,Sun,Away,D,1,1,Sunderland,57.0,46675.0,Ethan Ampadu,3-5-2,4-2-3-1,Tony Harrington,Match Report,,17.0,6.0,,,0.0,0.0,2025-2026,Leeds United
2026-01-01,17:30,Premier League,Matchweek 19,Thu,Away,D,0,0,Liverpool,31.0,60343.0,Ethan Ampadu,3-5-2,4-2-3-1,Chris Kavanagh,Match Report,,4.0,2.0,,,0.0,0.0,2025-2026,Leeds United
2026-01-04,12:30,Premier League,Matchweek 20,Sun,Home,D,1,1,Manchester Utd,45.0,36909.0,Pascal Struijk,3-5-2,3-4-3,Jarred Gillett,Match Report,,10.0,3.0,,,0.0,0.0,2025-2026,Leeds United
2026-01-07,20:15,Premier League,Matchweek 21,Wed,Away,L,3,4,Newcastle,37.0,51176.0,Ethan Ampadu,3-1-4-2,4-3-3,Michael Salisbury,Match Report,,14.0,6.0,,,1.0,1.0,2025-2026,Leeds United
2026-01-17,15:00,Premier League,Matchweek 22,Sat,Home,W,1,0,Fulham,47.0,36300.0,Ethan Ampadu,3-5-2,4-2-3-1,Chris Kavanagh,Match Report,,14.0,5.0,,,0.0,0.0,2025-2026,Leeds United
2026-01-26,20:00,Premier League,Matchweek 23,Mon,Away,D,1,1,Everton,42.0,51979.0,Ethan Ampadu,3-4-3,4-2-3-1,Simon Hooper,Match Report,,14.0,4.0,,,0.0,0.0,2025-2026,Leeds United
2026-01-31,15:00,Premier League,Matchweek 24,Sat,Home,L,0,4,Arsenal,49.0,36858.0,Ethan Ampadu,3-4-3,4-2-3-1,Stuart Attwell,Match Report,,3.0,1.0,,,0.0,0.0,2025-2026,Leeds United
2026-02-06,20:00,Premier League,Matchweek 25,Fri,Home,W,3,1,Nottingham,56.0,36835.0,Ethan Ampadu,3-4-3,4-2-3-1,Peter Bankes,Match Report,,14.0,5.0,,,0.0,0.0,2025-2026,Leeds United
2026-02-10,19:30,Premier League,Matchweek 26,Tue,Away,D,2,2,Chelsea,34.0,39253.0,Ethan Ampadu,5-4-1,4-2-3-1,Robert Jones,Match Report,,4.0,2.0,,,1.0,1.0,2025-2026,Leeds United
2026-02-21,15:00,Premier League,Matchweek 27,Sat,Away,D,1,1,Aston Villa,33.0,43048.0,Ethan Ampadu,5-4-1,4-2-3-1,Michael Oliver,Match Report,,14.0,4.0,,,0.0,0.0,2025-2026,Leeds United
2026-02-28,17:30,Premier League,Matchweek 28,Sat,Home,L,0,1,Manchester City,33.0,36838.0,Ethan Ampadu,5-4-1,4-1-3-2,Peter Bankes,Match Report,,14.0,2.0,,,0.0,0.0,2025-2026,Leeds United
2026-03-03,19:30,Premier League,Matchweek 29,Tue,Home,L,0,1,Sunderland,70.0,36713.0,Ethan Ampadu,4-5-1,4-2-3-1,Stuart Attwell,Match Report,,18.0,4.0,,,0.0,0.0,2025-2026,Leeds United
2026-03-15,14:00,Premier League,Matchweek 30,Sun,Away,D,0,0,Crystal Palace,34.0,25155.0,Ethan Ampadu,3-4-1-2,3-4-3,Thomas Bramall,Match Report,,10.0,3.0,,,0.0,1.0,2025-2026,Leeds United
2026-03-21,20:00,Premier League,Matchweek 31,Sat,Home,D,0,0,Brentford,57.0,36386.0,Ethan Ampadu,3-4-1-2,5-3-2,Jarred Gillett,Match Report,,14.0,4.0,,,0.0,0.0,2025-2026,Leeds United
2026-04-13,20:00,Premier League,Matchweek 32,Mon,Away,W,2,1,Manchester Utd,48.0,73989.0,Ethan Ampadu,3-4-3,4-2-3-1,Paul Tierney,Match Report,,15.0,6.0,,,0.0,0.0,2025-2026,Leeds United
2026-04-18,15:00,Premier League,Matchweek 33,Sat,Home,W,3,0,Wolves,56.0,36840.0,Ethan Ampadu,3-4-3,3-4-3,Farai Hallam,Match Report,,17.0,6.0,,,1.0,1.0,2025-2026,Leeds United
2026-04-22,20:00,Premier League,Matchweek 34,Wed,Away,D,2,2,Bournemouth,40.0,11226.0,Ethan Ampadu,3-4-3,4-2-3-1,Michael Salisbury,Match Report,,10.0,3.0,,,0.0,0.0,2025-2026,Leeds United
2026-05-01,20:00,Premier League,Matchweek 35,Fri,Home,W,3,1,Burnley,48.0,36265.0,Ethan Ampadu,3-5-2,5-4-1,Thomas Bramall,Match Report,,18.0,8.0,,,0.0,0.0,2025-2026,Leeds United
2026-05-11,20:00,Premier League,Matchweek 36,Mon,Away,D,1,1,Tottenham,43.0,61048.0,Ethan Ampadu,3-5-2,4-2-3-1,Jarred Gillett,Match Report,,11.0,4.0,,,1.0,1.0,2025-2026,Leeds United
2026-05-17,15:00,Premier League,Matchweek 37,Sun,Home,W,1,0,Brighton,34.0,36880.0,Ethan Ampadu,3-5-2,4-2-3-1,Michael Oliver,Match Report,,7.0,1.0,,,0.0,0.0,2025-2026,Leeds United
2026-05-24,16:00,Premier League,Matchweek 38,Sun,Away,L,0,3,West Ham,58.0,62471.0,Ethan Ampadu,3-5-2,4-2-3-1,Anthony Taylor,Match Report,,13.0,3.0,,,0.0,0.0,2025-2026,Leeds United
2025-08-15,20:00,Premier League,Matchweek 1,Fri,Home,W,4,2,Bournemouth,61.0,60315.0,Virgil van Dijk,4-2-3-1,4-1-4-1,Anthony Taylor,Match Report,,19.0,10.0,,,0.0,0.0,2025-2026,Liverpool
2025-08-25,20:00,Premier League,Matchweek 2,Mon,Away,W,3,2,Newcastle,63.0,52230.0,Virgil van Dijk,4-2-3-1,4-3-3,Simon Hooper,Match Report,,5.0,4.0,,,0.0,0.0,2025-2026,Liverpool
2025-08-31,16:30,Premier League,Matchweek 3,Sun,Home,W,1,0,Arsenal,53.0,60455.0,Virgil van Dijk,4-2-3-1,4-3-3,Chris Kavanagh,Match Report,,9.0,3.0,,,0.0,0.0,2025-2026,Liverpool
2025-09-14,14:00,Premier League,Matchweek 4,Sun,Away,W,1,0,Burnley,81.0,21678.0,Virgil van Dijk,4-2-3-1,5-4-1,Michael Oliver,Match Report,,27.0,4.0,,,1.0,1.0,2025-2026,Liverpool
2025-09-20,12:30,Premier League,Matchweek 5,Sat,Home,W,2,1,Everton,58.0,60342.0,Virgil van Dijk,4-2-3-1,4-2-3-1,Darren England,Match Report,,11.0,3.0,,,0.0,0.0,2025-2026,Liverpool
2025-09-27,15:00,Premier League,Matchweek 6,Sat,Away,L,1,2,Crystal Palace,72.0,25118.0,Virgil van Dijk,4-2-3-1,3-4-3,Chris Kavanagh,Match Report,,20.0,4.0,,,0.0,0.0,2025-2026,Liverpool
2025-10-04,17:30,Premier League,Matchweek 7,Sat,Away,L,1,2,Chelsea,47.0,39538.0,Virgil van Dijk,4-2-3-1,4-2-3-1,Anthony Taylor,Match Report,,12.0,2.0,,,0.0,0.0,2025-2026,Liverpool
2025-10-19,16:30,Premier League,Matchweek 8,Sun,Home,L,1,2,Manchester Utd,63.0,60337.0,Virgil van Dijk,4-2-3-1,3-4-3,Michael Oliver,Match Report,,19.0,6.0,,,0.0,0.0,2025-2026,Liverpool
2025-10-25,20:00,Premier League,Matchweek 9,Sat,Away,L,2,3,Brentford,66.0,17214.0,Virgil van Dijk,4-2-3-1,4-2-3-1,Simon Hooper,Match Report,,18.0,5.0,,,0.0,0.0,2025-2026,Liverpool
2025-11-01,20:00,Premier League,Matchweek 10,Sat,Home,W,2,0,Aston Villa,54.0,60407.0,Virgil van Dijk,4-2-3-1,4-2-3-1,Stuart Attwell,Match Report,,16.0,4.0,,,0.0,0.0,2025-2026,Liverpool
2025-11-09,16:30,Premier League,Matchweek 11,Sun,Away,L,0,3,Manchester City,51.0,52432.0,Virgil van Dijk,4-2-3-1,4-3-3,Chris Kavanagh,Match Report,,7.0,1.0,,,0.0,0.0,2025-2026,Liverpool
2025-11-22,15:00,Premier League,Matchweek 12,Sat,Home,L,0,3,Nottingham,74.0,60419.0,Virgil van Dijk,4-3-3,4-2-3-1,Andy Madley,Match Report,,21.0,4.0,,,0.0,0.0,2025-2026,Liverpool
2025-11-30,14:05,Premier League,Matchweek 13,Sun,Away,W,2,0,West Ham,56.0,62469.0,Virgil van Dijk,4-2-3-1,4-2-3-1,Darren England,Match Report,,9.0,5.0,,,0.0,0.0,2025-2026,Liverpool
2025-12-03,20:15,Premier League,Matchweek 14,Wed,Home,D,1,1,Sunderland,68.0,60146.0,Virgil van Dijk,4-2-3-1,4-4-2,Stuart Attwell,Match Report,,23.0,4.0,,,0.0,0.0,2025-2026,Liverpool
2025-12-06,17:30,Premier League,Matchweek 15,Sat,Away,D,3,3,Leeds United,55.0,36842.0,Virgil van Dijk,4-2-3-1,3-5-2,Anthony Taylor,Match Report,,16.0,7.0,,,0.0,0.0,2025-2026,Liverpool
2025-12-13,15:00,Premier League,Matchweek 16,Sat,Home,W,2,0,Brighton,50.0,60429.0,Virgil van Dijk,4-2-3-1,4-2-3-1,Craig Pawson,Match Report,,18.0,4.0,,,0.0,0.0,2025-2026,Liverpool
2025-12-20,17:30,Premier League,Matchweek 17,Sat,Away,W,2,1,Tottenham,65.0,61138.0,Virgil van Dijk,4-2-3-1,4-2-2-2,John Brooks,Match Report,,8.0,4.0,,,0.0,0.0,2025-2026,Liverpool
2025-12-27,15:00,Premier League,Matchweek 18,Sat,Home,W,2,1,Wolves,67.0,60466.0,Virgil van Dijk,4-2-3-1,3-4-3,Simon Hooper,Match Report,,14.0,4.0,,,0.0,0.0,2025-2026,Liverpool
2026-01-01,17:30,Premier League,Matchweek 19,Thu,Home,D,0,0,Leeds United,69.0,60343.0,Virgil van Dijk,4-2-3-1,3-5-2,Chris Kavanagh,Match Report,,19.0,4.0,,,0.0,0.0,2025-2026,Liverpool
2026-01-04,15:15,Premier League,Matchweek 20,Sun,Away,D,2,2,Fulham,59.0,27547.0,Virgil van Dijk,4-2-3-1,3-4-3,Craig Pawson,Match Report,,10.0,2.0,,,0.0,0.0,2025-2026,Liverpool
2026-01-08,20:00,Premier League,Matchweek 21,Thu,Away,D,0,0,Arsenal,52.0,60258.0,Virgil van Dijk,4-2-3-1,4-3-3,Anthony Taylor,Match Report,,8.0,0.0,,,0.0,0.0,2025-2026,Liverpool
2026-01-17,15:00,Premier League,Matchweek 22,Sat,Home,D,1,1,Burnley,73.0,60431.0,Virgil van Dijk,4-2-3-1,3-4-3,Andy Madley,Match Report,,32.0,11.0,,,0.0,1.0,2025-2026,Liverpool
2026-01-24,17:30,Premier League,Matchweek 23,Sat,Away,L,2,3,Bournemouth,67.0,11260.0,Virgil van Dijk,4-2-2-2,4-2-3-1,Michael Salisbury,Match Report,,14.0,4.0,,,0.0,0.0,2025-2026,Liverpool
2026-01-31,20:00,Premier League,Matchweek 24,Sat,Home,W,4,1,Newcastle,54.0,60416.0,Virgil van Dijk,4-2-3-1,4-3-3,Simon Hooper,Match Report,,17.0,7.0,,,0.0,0.0,2025-2026,Liverpool
2026-02-08,16:30,Premier League,Matchweek 25,Sun,Home,L,1,2,Manchester City,47.0,60336.0,Virgil van Dijk,4-2-3-1,4-1-3-2,Craig Pawson,Match Report,,15.0,4.0,,,0.0,0.0,2025-2026,Liverpool
2026-02-11,20:15,Premier League,Matchweek 26,Wed,Away,W,1,0,Sunderland,56.0,47159.0,Virgil van Dijk,4-2-3-1,4-2-3-1,Chris Kavanagh,Match Report,,23.0,3.0,,,0.0,0.0,2025-2026,Liverpool
2026-02-22,14:00,Premier League,Matchweek 27,Sun,Away,W,1,0,Nottingham,53.0,30737.0,Virgil van Dijk,4-2-3-1,4-2-3-1,Anthony Taylor,Match Report,,10.0,4.0,,,0.0,0.0,2025-2026,Liverpool
2026-02-28,15:00,Premier League,Matchweek 28,Sat,Home,W,5,2,West Ham,49.0,60425.0,Virgil van Dijk,4-2-3-1,4-5-1,Tim Robinson,Match Report,,18.0,7.0,,,0.0,0.0,2025-2026,Liverpool
2026-03-03,20:15,Premier League,Matchweek 29,Tue,Away,L,1,2,Wolves,66.0,30247.0,Virgil van Dijk,4-2-3-1,3-5-1-1,Thomas Bramall,Match Report,,19.0,7.0,,,0.0,0.0,2025-2026,Liverpool
2026-03-15,16:30,Premier League,Matchweek 30,Sun,Home,D,1,1,Tottenham,63.0,60248.0,Virgil van Dijk,4-2-3-1,4-4-2,Chris Kavanagh,Match Report,,17.0,4.0,,,0.0,0.0,2025-2026,Liverpool
2026-03-21,12:45,Premier League,Matchweek 31,Sat,Away,L,1,2,Brighton,54.0,31680.0,Virgil van Dijk,4-4-2◆,4-2-3-1,Darren England,Match Report,,12.0,5.0,,,0.0,0.0,2025-2026,Liverpool
2026-04-11,17:30,Premier League,Matchweek 32,Sat,Home,W,2,0,Fulham,53.0,60401.0,Virgil van Dijk,4-2-3-1,4-2-3-1,Anthony Taylor,Match Report,,18.0,5.0,,,0.0,0.0,2025-2026,Liverpool
2026-04-19,14:00,Premier League,Matchweek 33,Sun,Away,W,2,1,Everton,56.0,52585.0,Virgil van Dijk,4-2-3-1,4-2-3-1,Chris Kavanagh,Match Report,,14.0,6.0,,,0.0,0.0,2025-2026,Liverpool
2026-04-25,15:00,Premier League,Matchweek 34,Sat,Home,W,3,1,Crystal Palace,53.0,60314.0,Virgil van Dijk,4-2-3-1,3-4-3,Andy Madley,Match Report,,9.0,3.0,,,0.0,0.0,2025-2026,Liverpool
2026-05-03,15:30,Premier League,Matchweek 35,Sun,Away,L,2,3,Manchester Utd,62.0,74027.0,Virgil van Dijk,4-2-2-2,4-2-3-1,Darren England,Match Report,,13.0,5.0,,,0.0,0.0,2025-2026,Liverpool
2026-05-09,12:30,Premier League,Matchweek 36,Sat,Home,D,1,1,Chelsea,49.0,60429.0,Virgil van Dijk,4-2-3-1,4-2-3-1,Craig Pawson,Match Report,,8.0,3.0,,,0.0,0.0,2025-2026,Liverpool
2026-05-15,20:00,Premier League,Matchweek 37,Fri,Away,L,2,4,Aston Villa,55.0,43033.0,Virgil van Dijk,4-2-3-1,4-2-3-1,Chris Kavanagh,Match Report,,16.0,5.0,,,0.0,0.0,2025-2026,Liverpool
2026-05-24,16:00,Premier League,Matchweek 38,Sun,Home,D,1,1,Brentford,60.0,60325.0,Virgil van Dijk,4-2-3-1,4-2-3-1,Darren England,Match Report,,24.0,8.0,,,0.0,0.0,2025-2026,Liverpool
2025-08-16,17:30,Premier League,Matchweek 1,Sat,Away,W,4,0,Wolves,59.0,31456.0,Bernardo Silva,4-3-3,3-4-3,Jarred Gillett,Match Report,,15.0,4.0,,,0.0,0.0,2025-2026,Manchester City
2025-08-23,12:30,Premier League,Matchweek 2,Sat,Home,L,0,2,Tottenham,61.0,51785.0,Rúben Dias,4-1-4-1,4-3-3,Peter Bankes,Match Report,,10.0,4.0,,,0.0,0.0,2025-2026,Manchester City
2025-08-31,14:00,Premier League,Matchweek 3,Sun,Away,L,1,2,Brighton,64.0,31485.0,Bernardo Silva,4-3-3,4-2-3-1,Darren England,Match Report,,12.0,3.0,,,0.0,0.0,2025-2026,Manchester City
2025-09-14,16:30,Premier League,Matchweek 4,Sun,Home,W,3,0,Manchester Utd,45.0,52534.0,Bernardo Silva,4-1-4-1,3-4-3,Anthony Taylor,Match Report,,13.0,6.0,,,0.0,0.0,2025-2026,Manchester City
2025-09-21,16:30,Premier League,Matchweek 5,Sun,Away,D,1,1,Arsenal,33.0,60161.0,Bernardo Silva,4-1-4-1,4-3-3,Stuart Attwell,Match Report,,5.0,3.0,,,0.0,0.0,2025-2026,Manchester City
2025-09-27,15:00,Premier League,Matchweek 6,Sat,Home,W,5,1,Burnley,68.0,52427.0,Rúben Dias,4-1-4-1,5-4-1,Robert Jones,Match Report,,21.0,8.0,,,0.0,0.0,2025-2026,Manchester City
2025-10-05,16:30,Premier League,Matchweek 7,Sun,Away,W,1,0,Brentford,70.0,17028.0,Rúben Dias,4-1-4-1,5-3-2,Darren England,Match Report,,10.0,4.0,,,0.0,0.0,2025-2026,Manchester City
2025-10-18,15:00,Premier League,Matchweek 8,Sat,Home,W,2,0,Everton,71.0,52498.0,Rúben Dias,4-1-4-1,4-2-3-1,Tony Harrington,Match Report,,19.0,7.0,,,0.0,0.0,2025-2026,Manchester City
2025-10-26,14:00,Premier League,Matchweek 9,Sun,Away,L,0,1,Aston Villa,53.0,41988.0,Bernardo Silva,4-1-4-1,4-2-3-1,Michael Oliver,Match Report,,18.0,4.0,,,0.0,0.0,2025-2026,Manchester City
2025-11-02,16:30,Premier League,Matchweek 10,Sun,Home,W,3,1,Bournemouth,48.0,52387.0,Bernardo Silva,4-3-2-1,4-2-3-1,Anthony Taylor,Match Report,,15.0,8.0,,,0.0,0.0,2025-2026,Manchester City
2025-11-09,16:30,Premier League,Matchweek 11,Sun,Home,W,3,0,Liverpool,49.0,52432.0,Bernardo Silva,4-3-3,4-2-3-1,Chris Kavanagh,Match Report,,14.0,6.0,,,0.0,1.0,2025-2026,Manchester City
2025-11-22,17:30,Premier League,Matchweek 12,Sat,Away,L,1,2,Newcastle,68.0,52181.0,Bernardo Silva,4-3-2-1,4-5-1,Samuel Barrott,Match Report,,17.0,4.0,,,0.0,0.0,2025-2026,Manchester City
2025-11-29,15:00,Premier League,Matchweek 13,Sat,Home,W,3,2,Leeds United,62.0,52483.0,Bernardo Silva,4-3-2-1,4-3-3,Peter Bankes,Match Report,,18.0,9.0,,,0.0,0.0,2025-2026,Manchester City
2025-12-02,19:30,Premier League,Matchweek 14,Tue,Away,W,5,4,Fulham,43.0,26700.0,Bernardo Silva,4-3-3,4-2-3-1,Craig Pawson,Match Report,,11.0,4.0,,,0.0,0.0,2025-2026,Manchester City
2025-12-06,15:00,Premier League,Matchweek 15,Sat,Home,W,3,0,Sunderland,64.0,52436.0,Bernardo Silva,4-3-2-1,5-4-1,Andy Madley,Match Report,,18.0,6.0,,,0.0,0.0,2025-2026,Manchester City
2025-12-14,14:00,Premier League,Matchweek 16,Sun,Away,W,3,0,Crystal Palace,62.0,25166.0,Bernardo Silva,4-3-2-1,3-4-3,Darren England,Match Report,,7.0,6.0,,,1.0,1.0,2025-2026,Manchester City
2025-12-20,15:00,Premier League,Matchweek 17,Sat,Home,W,3,0,West Ham,66.0,52454.0,Bernardo Silva,4-3-2-1,4-3-1-2,Paul Tierney,Match Report,,17.0,8.0,,,0.0,0.0,2025-2026,Manchester City
2025-12-27,12:30,Premier League,Matchweek 18,Sat,Away,W,2,1,Nottingham,66.0,30778.0,Bernardo Silva,4-3-2-1,4-2-3-1,Robert Jones,Match Report,,16.0,5.0,,,0.0,0.0,2025-2026,Manchester City
2026-01-01,20:00,Premier League,Matchweek 19,Thu,Away,D,0,0,Sunderland,68.0,46920.0,Bernardo Silva,4-3-2-1,4-2-3-1,Jarred Gillett,Match Report,,14.0,4.0,,,0.0,0.0,2025-2026,Manchester City
2026-01-04,17:30,Premier League,Matchweek 20,Sun,Home,D,1,1,Chelsea,58.0,52471.0,Bernardo Silva,4-1-4-1,4-2-3-1,Michael Oliver,Match Report,,14.0,3.0,,,0.0,0.0,2025-2026,Manchester City
2026-01-07,19:30,Premier League,Matchweek 21,Wed,Home,D,1,1,Brighton,60.0,51728.0,Bernardo Silva,4-1-4-1,4-2-3-1,Thomas Bramall,Match Report,,22.0,6.0,,,1.0,1.0,2025-2026,Manchester City
2026-01-17,12:30,Premier League,Matchweek 22,Sat,Away,L,0,2,Manchester Utd,68.0,74004.0,Bernardo Silva,4-1-4-1,4-2-3-1,Anthony Taylor,Match Report,,7.0,1.0,,,0.0,0.0,2025-2026,Manchester City
2026-01-24,15:00,Premier League,Matchweek 23,Sat,Home,W,2,0,Wolves,64.0,52469.0,Bernardo Silva,4-1-4-1,3-5-2,Farai Hallam,Match Report,,11.0,4.0,,,0.0,0.0,2025-2026,Manchester City
2026-02-01,16:30,Premier League,Matchweek 24,Sun,Away,D,2,2,Tottenham,61.0,61337.0,Bernardo Silva,4-1-4-1,3-4-3,Robert Jones,Match Report,,15.0,3.0,,,0.0,0.0,2025-2026,Manchester City
2026-02-08,16:30,Premier League,Matchweek 25,Sun,Away,W,2,1,Liverpool,54.0,60336.0,Bernardo Silva,4-1-3-2,4-2-3-1,Craig Pawson,Match Report,,17.0,7.0,,,1.0,1.0,2025-2026,Manchester City
2026-02-11,19:30,Premier League,Matchweek 26,Wed,Home,W,3,0,Fulham,56.0,50717.0,Bernardo Silva,4-1-3-2,4-2-3-1,Paul Tierney,Match Report,,13.0,5.0,,,0.0,0.0,2025-2026,Manchester City
2026-02-21,20:00,Premier League,Matchweek 27,Sat,Home,W,2,1,Newcastle,55.0,52187.0,Bernardo Silva,4-1-3-2,4-3-3,Thomas Bramall,Match Report,,15.0,7.0,,,0.0,0.0,2025-2026,Manchester City
2026-02-28,17:30,Premier League,Matchweek 28,Sat,Away,W,1,0,Leeds United,67.0,36838.0,Bernardo Silva,4-1-3-2,5-4-1,Peter Bankes,Match Report,,14.0,5.0,,,0.0,0.0,2025-2026,Manchester City
2026-03-04,19:30,Premier League,Matchweek 29,Wed,Home,D,2,2,Nottingham,70.0,51965.0,Bernardo Silva,4-1-3-2,5-3-2,Darren England,Match Report,,21.0,7.0,,,0.0,0.0,2025-2026,Manchester City
2026-03-14,20:00,Premier League,Matchweek 30,Sat,Away,D,1,1,West Ham,71.0,62459.0,Bernardo Silva,4-1-3-2,3-4-3,Michael Oliver,Match Report,,24.0,6.0,,,0.0,0.0,2025-2026,Manchester City
2026-04-12,16:30,Premier League,Matchweek 32,Sun,Away,W,3,0,Chelsea,64.0,39552.0,Bernardo Silva,4-2-3-1,4-2-3-1,Chris Kavanagh,Match Report,,18.0,8.0,,,0.0,0.0,2025-2026,Manchester City
2026-04-19,16:30,Premier League,Matchweek 33,Sun,Home,W,2,1,Arsenal,59.0,52523.0,Bernardo Silva,4-2-3-1,4-3-3,Anthony Taylor,Match Report,,15.0,5.0,,,0.0,0.0,2025-2026,Manchester City
2026-04-22,20:00,Premier League,Matchweek 34,Wed,Away,W,1,0,Burnley,65.0,21259.0,Bernardo Silva,4-2-3-1,5-4-1,Andy Madley,Match Report,,28.0,9.0,,,0.0,0.0,2025-2026,Manchester City
2026-05-04,20:00,Premier League,Matchweek 35,Mon,Away,D,3,3,Everton,75.0,52257.0,Bernardo Silva,4-2-3-1,4-2-3-1,Michael Oliver,Match Report,,21.0,4.0,,,0.0,0.0,2025-2026,Manchester City
2026-05-09,17:30,Premier League,Matchweek 36,Sat,Home,W,3,0,Brentford,59.0,52489.0,Bernardo Silva,4-2-3-1,4-4-2,Michael Salisbury,Match Report,,25.0,10.0,,,0.0,0.0,2025-2026,Manchester City
2026-05-13,20:00,Premier League,Matchweek 31,Wed,Home,W,3,0,Crystal Palace,72.0,51738.0,Bernardo Silva,4-2-2-2,5-4-1,Stuart Attwell,Match Report,,15.0,4.0,,,0.0,0.0,2025-2026,Manchester City
2026-05-19,19:30,Premier League,Matchweek 37,Tue,Away,D,1,1,Bournemouth,55.0,11218.0,Bernardo Silva,4-1-4-1,4-2-3-1,Anthony Taylor,Match Report,,14.0,5.0,,,0.0,0.0,2025-2026,Manchester City
2026-05-24,16:00,Premier League,Matchweek 38,Sun,Home,L,1,2,Aston Villa,52.0,60332.0,Bernardo Silva,4-2-2-2,4-2-3-1,Andy Madley,Match Report,,16.0,3.0,,,0.0,0.0,2025-2026,Manchester City
2025-08-17,16:30,Premier League,Matchweek 1,Sun,Home,L,0,1,Arsenal,61.0,73475.0,Bruno Fernandes,3-4-3,4-3-3,Simon Hooper,Match Report,,22.0,7.0,,,0.0,0.0,2025-2026,Manchester United
2025-08-24,16:30,Premier League,Matchweek 2,Sun,Away,D,1,1,Fulham,49.0,27512.0,Bruno Fernandes,3-4-3,4-2-3-1,Chris Kavanagh,Match Report,,10.0,3.0,,,0.0,1.0,2025-2026,Manchester United
2025-08-30,15:00,Premier League,Matchweek 3,Sat,Home,W,3,2,Burnley,62.0,74257.0,Bruno Fernandes,3-4-3,4-2-3-1,Samuel Barrott,Match Report,,26.0,6.0,,,1.0,1.0,2025-2026,Manchester United
2025-09-14,16:30,Premier League,Matchweek 4,Sun,Away,L,0,3,Manchester City,55.0,52534.0,Bruno Fernandes,3-4-3,4-1-4-1,Anthony Taylor,Match Report,,12.0,2.0,,,0.0,0.0,2025-2026,Manchester United
2025-09-20,17:30,Premier League,Matchweek 5,Sat,Home,W,2,1,Chelsea,41.0,74124.0,Bruno Fernandes,3-4-3,4-2-3-1,Peter Bankes,Match Report,,11.0,4.0,,,0.0,0.0,2025-2026,Manchester United
2025-09-27,12:30,Premier League,Matchweek 6,Sat,Away,L,1,3,Brentford,56.0,17193.0,Bruno Fernandes,3-4-3,4-2-3-1,Craig Pawson,Match Report,,14.0,6.0,,,0.0,1.0,2025-2026,Manchester United
2025-10-04,15:00,Premier League,Matchweek 7,Sat,Home,W,2,0,Sunderland,51.0,74004.0,Bruno Fernandes,3-4-3,4-2-3-1,Stuart Attwell,Match Report,,15.0,6.0,,,0.0,0.0,2025-2026,Manchester United
2025-10-19,16:30,Premier League,Matchweek 8,Sun,Away,W,2,1,Liverpool,37.0,60337.0,Bruno Fernandes,3-4-3,4-2-3-1,Michael Oliver,Match Report,,12.0,4.0,,,0.0,0.0,2025-2026,Manchester United
2025-10-25,17:30,Premier League,Matchweek 9,Sat,Home,W,4,2,Brighton,43.0,74124.0,Bruno Fernandes,3-4-3,4-2-3-1,Anthony Taylor,Match Report,,13.0,9.0,,,0.0,0.0,2025-2026,Manchester United
2025-11-01,15:00,Premier League,Matchweek 10,Sat,Away,D,2,2,Nottingham,59.0,30778.0,Bruno Fernandes,3-4-3,4-2-3-1,Darren England,Match Report,,18.0,7.0,,,0.0,0.0,2025-2026,Manchester United
2025-11-08,12:30,Premier League,Matchweek 11,Sat,Away,D,2,2,Tottenham,45.0,61210.0,Bruno Fernandes,3-4-3,4-2-3-1,Samuel Barrott,Match Report,,5.0,2.0,,,0.0,0.0,2025-2026,Manchester United
2025-11-24,20:00,Premier League,Matchweek 12,Mon,Home,L,0,1,Everton,70.0,74158.0,Bruno Fernandes,3-4-3,4-2-3-1,Tony Harrington,Match Report,,25.0,6.0,,,0.0,0.0,2025-2026,Manchester United
2025-11-30,12:00,Premier League,Matchweek 13,Sun,Away,W,2,1,Crystal Palace,57.0,25189.0,Bruno Fernandes,3-4-3,3-4-3,Robert Jones,Match Report,,14.0,6.0,,,0.0,0.0,2025-2026,Manchester United
2025-12-04,20:00,Premier League,Matchweek 14,Thu,Home,D,1,1,West Ham,65.0,73938.0,Bruno Fernandes,3-4-3,4-2-3-1,Andrew Kitchen,Match Report,,17.0,4.0,,,0.0,0.0,2025-2026,Manchester United
2025-12-08,20:00,Premier League,Matchweek 15,Mon,Away,W,4,1,Wolves,64.0,30338.0,Bruno Fernandes,3-4-3,3-4-3,Michael Salisbury,Match Report,,27.0,10.0,,,1.0,1.0,2025-2026,Manchester United
2025-12-15,20:00,Premier League,Matchweek 16,Mon,Home,D,4,4,Bournemouth,56.0,73951.0,Bruno Fernandes,3-4-3,4-2-3-1,Simon Hooper,Match Report,,25.0,9.0,,,0.0,0.0,2025-2026,Manchester United
2025-12-21,16:30,Premier League,Matchweek 17,Sun,Away,L,1,2,Aston Villa,57.0,43157.0,Bruno Fernandes,3-4-3,4-2-3-1,Michael Oliver,Match Report,,15.0,6.0,,,0.0,0.0,2025-2026,Manchester United
2025-12-26,20:00,Premier League,Matchweek 18,Fri,Home,W,1,0,Newcastle,33.0,73996.0,Lisandro Martínez,4-2-3-1,4-3-3,Anthony Taylor,Match Report,,9.0,3.0,,,0.0,0.0,2025-2026,Manchester United
2025-12-30,20:15,Premier League,Matchweek 19,Tue,Home,D,1,1,Wolves,57.0,73589.0,Lisandro Martínez,4-2-3-1,3-5-2,Thomas Bramall,Match Report,,15.0,6.0,,,0.0,0.0,2025-2026,Manchester United
2026-01-04,12:30,Premier League,Matchweek 20,Sun,Away,D,1,1,Leeds United,55.0,36909.0,Lisandro Martínez,3-4-3,3-5-2,Jarred Gillett,Match Report,,15.0,2.0,,,0.0,0.0,2025-2026,Manchester United
2026-01-07,20:15,Premier League,Matchweek 21,Wed,Away,D,2,2,Burnley,65.0,21047.0,Bruno Fernandes,4-2-3-1,3-4-3,Stuart Attwell,Match Report,,30.0,10.0,,,0.0,0.0,2025-2026,Manchester United
2026-01-17,12:30,Premier League,Matchweek 22,Sat,Home,W,2,0,Manchester City,32.0,74004.0,Bruno Fernandes,4-2-3-1,4-1-4-1,Anthony Taylor,Match Report,,11.0,7.0,,,0.0,0.0,2025-2026,Manchester United
2026-01-25,16:30,Premier League,Matchweek 23,Sun,Away,W,3,2,Arsenal,43.0,60296.0,Bruno Fernandes,4-2-3-1,4-3-3,Craig Pawson,Match Report,,10.0,3.0,,,0.0,0.0,2025-2026,Manchester United
2026-02-01,14:00,Premier League,Matchweek 24,Sun,Home,W,3,2,Fulham,42.0,73895.0,Bruno Fernandes,4-2-3-1,4-2-3-1,John Brooks,Match Report,,13.0,6.0,,,0.0,0.0,2025-2026,Manchester United
2026-02-07,12:30,Premier League,Matchweek 25,Sat,Home,W,2,0,Tottenham,65.0,73985.0,Bruno Fernandes,4-2-3-1,4-3-3,Michael Oliver,Match Report,,23.0,10.0,,,0.0,0.0,2025-2026,Manchester United
2026-02-10,20:15,Premier League,Matchweek 26,Tue,Away,D,1,1,West Ham,65.0,62473.0,Bruno Fernandes,4-2-3-1,4-2-3-1,Simon Hooper,Match Report,,9.0,3.0,,,0.0,0.0,2025-2026,Manchester United
2026-02-23,20:00,Premier League,Matchweek 27,Mon,Away,W,1,0,Everton,52.0,52326.0,Bruno Fernandes,4-2-3-1,4-2-3-1,Darren England,Match Report,,11.0,3.0,,,0.0,0.0,2025-2026,Manchester United
2026-03-01,14:00,Premier League,Matchweek 28,Sun,Home,W,2,1,Crystal Palace,61.0,73934.0,Bruno Fernandes,4-2-3-1,3-4-3,Chris Kavanagh,Match Report,,20.0,11.0,,,1.0,1.0,2025-2026,Manchester United
2026-03-04,20:15,Premier League,Matchweek 29,Wed,Away,L,1,2,Newcastle,55.0,52184.0,Bruno Fernandes,4-2-3-1,4-3-3,Peter Bankes,Match Report,,14.0,5.0,,,0.0,0.0,2025-2026,Manchester United
2026-03-15,14:00,Premier League,Matchweek 30,Sun,Home,W,3,1,Aston Villa,53.0,73997.0,Bruno Fernandes,4-2-3-1,4-2-3-1,Anthony Taylor,Match Report,,16.0,6.0,,,0.0,0.0,2025-2026,Manchester United
2026-03-20,20:00,Premier League,Matchweek 31,Fri,Away,D,2,2,Bournemouth,45.0,11250.0,Bruno Fernandes,4-2-3-1,4-2-3-1,Stuart Attwell,Match Report,,14.0,5.0,,,1.0,1.0,2025-2026,Manchester United
2026-04-13,20:00,Premier League,Matchweek 32,Mon,Home,L,1,2,Leeds United,52.0,73989.0,Bruno Fernandes,4-2-3-1,3-4-3,Paul Tierney,Match Report,,20.0,9.0,,,0.0,0.0,2025-2026,Manchester United
2026-04-18,20:00,Premier League,Matchweek 33,Sat,Away,W,1,0,Chelsea,40.0,39733.0,Bruno Fernandes,4-2-3-1,4-2-3-1,Michael Oliver,Match Report,,4.0,1.0,,,0.0,0.0,2025-2026,Manchester United
2026-04-27,20:00,Premier League,Matchweek 34,Mon,Home,W,2,1,Brentford,45.0,73773.0,Bruno Fernandes,4-2-3-1,4-2-3-1,Chris Kavanagh,Match Report,,11.0,6.0,,,0.0,0.0,2025-2026,Manchester United
2026-05-03,15:30,Premier League,Matchweek 35,Sun,Home,W,3,2,Liverpool,38.0,74027.0,Bruno Fernandes,4-2-3-1,4-2-2-2,Darren England,Match Report,,18.0,6.0,,,0.0,0.0,2025-2026,Manchester United
2026-05-09,15:00,Premier League,Matchweek 36,Sat,Away,D,0,0,Sunderland,49.0,47233.0,Bruno Fernandes,4-2-3-1,4-2-3-1,Stuart Attwell,Match Report,,11.0,1.0,,,0.0,0.0,2025-2026,Manchester United
2026-05-17,12:30,Premier League,Matchweek 37,Sun,Home,W,3,2,Nottingham,49.0,74015.0,Bruno Fernandes,4-2-3-1,4-4-2,Michael Salisbury,Match Report,,29.0,8.0,,,0.0,0.0,2025-2026,Manchester United
2026-05-24,16:00,Premier League,Matchweek 38,Sun,Away,W,3,0,Brighton,49.0,31729.0,Bruno Fernandes,4-2-3-1,4-2-3-1,Samuel Barrott,Match Report,,11.0,7.0,,,0.0,0.0,2025-2026,Manchester United
2025-08-16,12:30,Premier League,Matchweek 1,Sat,Away,D,0,0,Aston Villa,59.0,42526.0,Bruno Guimarães,4-3-3,4-2-3-1,Craig Pawson,Match Report,,16.0,3.0,,,0.0,0.0,2025-2026,Newcastle United
2025-08-25,20:00,Premier League,Matchweek 2,Mon,Home,L,2,3,Liverpool,38.0,52230.0,Bruno Guimarães,4-3-3,4-2-3-1,Simon Hooper,Match Report,,10.0,3.0,,,0.0,0.0,2025-2026,Newcastle United
2025-08-30,17:30,Premier League,Matchweek 3,Sat,Away,D,0,0,Leeds United,57.0,36727.0,Bruno Guimarães,5-3-2,4-3-3,Peter Bankes,Match Report,,8.0,2.0,,,0.0,0.0,2025-2026,Newcastle United
2025-09-13,15:00,Premier League,Matchweek 4,Sat,Home,W,1,0,Wolves,57.0,52145.0,Bruno Guimarães,4-3-3,3-5-2,Chris Kavanagh,Match Report,,16.0,4.0,,,0.0,0.0,2025-2026,Newcastle United
2025-09-21,14:00,Premier League,Matchweek 5,Sun,Away,D,0,0,Bournemouth,44.0,11212.0,Dan Burn,3-4-3,4-2-3-1,Robert Jones,Match Report,,4.0,1.0,,,0.0,0.0,2025-2026,Newcastle United
2025-09-28,16:30,Premier League,Matchweek 6,Sun,Home,L,1,2,Arsenal,36.0,52199.0,Bruno Guimarães,4-3-3,4-2-3-1,Jarred Gillett,Match Report,,8.0,3.0,,,0.0,0.0,2025-2026,Newcastle United
2025-10-05,14:00,Premier League,Matchweek 7,Sun,Home,W,2,0,Nottingham,52.0,52189.0,Bruno Guimarães,4-3-3,3-4-3,Peter Bankes,Match Report,,18.0,9.0,,,1.0,1.0,2025-2026,Newcastle United
2025-10-18,15:00,Premier League,Matchweek 8,Sat,Away,L,1,2,Brighton,54.0,31620.0,Bruno Guimarães,4-3-3,4-2-3-1,Craig Pawson,Match Report,,16.0,3.0,,,0.0,0.0,2025-2026,Newcastle United
2025-10-25,15:00,Premier League,Matchweek 9,Sat,Home,W,2,1,Fulham,51.0,52152.0,Bruno Guimarães,4-3-3,4-2-3-1,Peter Bankes,Match Report,,18.0,7.0,,,0.0,0.0,2025-2026,Newcastle United
2025-11-02,14:00,Premier League,Matchweek 10,Sun,Away,L,1,3,West Ham,62.0,62441.0,Bruno Guimarães,4-3-3,4-3-3,Robert Jones,Match Report,,12.0,4.0,,,0.0,0.0,2025-2026,Newcastle United
2025-11-09,14:00,Premier League,Matchweek 11,Sun,Away,L,1,3,Brentford,51.0,17207.0,Bruno Guimarães,4-3-3,4-2-3-1,Stuart Attwell,Match Report,,5.0,1.0,,,0.0,0.0,2025-2026,Newcastle United
2025-11-22,17:30,Premier League,Matchweek 12,Sat,Home,W,2,1,Manchester City,32.0,52181.0,Bruno Guimarães,4-5-1,4-3-2-1,Samuel Barrott,Match Report,,9.0,5.0,,,0.0,0.0,2025-2026,Newcastle United
2025-11-29,17:30,Premier League,Matchweek 13,Sat,Away,W,4,1,Everton,51.0,52489.0,Bruno Guimarães,4-3-3,4-2-3-1,Craig Pawson,Match Report,,13.0,8.0,,,0.0,0.0,2025-2026,Newcastle United
2025-12-02,20:15,Premier League,Matchweek 14,Tue,Home,D,2,2,Tottenham,53.0,52007.0,Dan Burn,4-3-3,4-2-3-1,Thomas Bramall,Match Report,,19.0,7.0,,,1.0,1.0,2025-2026,Newcastle United
2025-12-06,15:00,Premier League,Matchweek 15,Sat,Home,W,2,1,Burnley,69.0,52041.0,Bruno Guimarães,4-3-3,4-3-3,Stuart Attwell,Match Report,,17.0,7.0,,,1.0,1.0,2025-2026,Newcastle United
2025-12-14,14:00,Premier League,Matchweek 16,Sun,Away,L,0,1,Sunderland,54.0,47158.0,Bruno Guimarães,4-3-3,4-2-3-1,Peter Bankes,Match Report,,6.0,2.0,,,0.0,0.0,2025-2026,Newcastle United
2025-12-20,12:30,Premier League,Matchweek 17,Sat,Home,D,2,2,Chelsea,47.0,52226.0,Bruno Guimarães,4-3-3,4-2-3-1,Andy Madley,Match Report,,11.0,5.0,,,0.0,0.0,2025-2026,Newcastle United
2025-12-26,20:00,Premier League,Matchweek 18,Fri,Away,L,0,1,Manchester Utd,67.0,73996.0,Bruno Guimarães,4-3-3,4-2-3-1,Anthony Taylor,Match Report,,16.0,3.0,,,0.0,0.0,2025-2026,Newcastle United
2025-12-30,19:30,Premier League,Matchweek 19,Tue,Away,W,3,1,Burnley,51.0,21020.0,Bruno Guimarães,4-3-3,3-4-3,Robert Jones,Match Report,,20.0,9.0,,,0.0,0.0,2025-2026,Newcastle United
2026-01-04,15:00,Premier League,Matchweek 20,Sun,Home,W,2,0,Crystal Palace,59.0,51979.0,Bruno Guimarães,4-3-3,3-4-3,John Brooks,Match Report,,12.0,7.0,,,0.0,0.0,2025-2026,Newcastle United
2026-01-07,20:15,Premier League,Matchweek 21,Wed,Home,W,4,3,Leeds United,63.0,51176.0,Bruno Guimarães,4-3-3,3-1-4-2,Michael Salisbury,Match Report,,18.0,8.0,,,1.0,1.0,2025-2026,Newcastle United
2026-01-18,14:00,Premier League,Matchweek 22,Sun,Away,D,0,0,Wolves,66.0,29751.0,Bruno Guimarães,4-3-3,3-5-2,Samuel Barrott,Match Report,,12.0,2.0,,,0.0,0.0,2025-2026,Newcastle United
2026-01-25,14:00,Premier League,Matchweek 23,Sun,Home,L,0,2,Aston Villa,60.0,52134.0,Kieran Trippier,4-3-3,4-2-3-1,Jarred Gillett,Match Report,,15.0,4.0,,,0.0,0.0,2025-2026,Newcastle United
2026-01-31,20:00,Premier League,Matchweek 24,Sat,Away,L,1,4,Liverpool,46.0,60416.0,Kieran Trippier,4-3-3,4-2-3-1,Simon Hooper,Match Report,,8.0,2.0,,,0.0,0.0,2025-2026,Newcastle United
2026-02-07,17:30,Premier League,Matchweek 25,Sat,Home,L,2,3,Brentford,54.0,52032.0,Bruno Guimarães,4-3-3,4-2-3-1,Andy Madley,Match Report,,16.0,4.0,,,1.0,1.0,2025-2026,Newcastle United
2026-02-10,19:30,Premier League,Matchweek 26,Tue,Away,W,2,1,Tottenham,47.0,59773.0,Bruno Guimarães,4-3-3,4-3-3,Anthony Taylor,Match Report,,21.0,5.0,,,0.0,0.0,2025-2026,Newcastle United
2026-02-21,20:00,Premier League,Matchweek 27,Sat,Away,L,1,2,Manchester City,45.0,52187.0,Kieran Trippier,4-3-3,4-1-3-2,Thomas Bramall,Match Report,,13.0,7.0,,,0.0,0.0,2025-2026,Newcastle United
2026-02-28,15:00,Premier League,Matchweek 28,Sat,Home,L,2,3,Everton,66.0,52514.0,Kieran Trippier,4-2-3-1,4-2-3-1,Stuart Attwell,Match Report,,17.0,7.0,,,0.0,0.0,2025-2026,Newcastle United
2026-03-04,20:15,Premier League,Matchweek 29,Wed,Home,W,2,1,Manchester Utd,45.0,52184.0,Kieran Trippier,4-3-3,4-2-3-1,Peter Bankes,Match Report,,12.0,5.0,,,1.0,1.0,2025-2026,Newcastle United
2026-03-14,17:30,Premier League,Matchweek 30,Sat,Away,W,1,0,Chelsea,33.0,39587.0,Jacob Murphy,4-2-3-1,4-2-3-1,Paul Tierney,Match Report,,7.0,5.0,,,0.0,0.0,2025-2026,Newcastle United
2026-03-22,12:00,Premier League,Matchweek 31,Sun,Home,L,1,2,Sunderland,60.0,52253.0,Kieran Trippier,4-2-3-1,4-1-4-1,Anthony Taylor,Match Report,,16.0,4.0,,,0.0,0.0,2025-2026,Newcastle United
2026-04-12,14:00,Premier League,Matchweek 32,Sun,Away,L,1,2,Crystal Palace,59.0,25141.0,Jacob Murphy,4-3-3,3-4-3,Andy Madley,Match Report,,7.0,3.0,,,0.0,0.0,2025-2026,Newcastle United
2026-04-18,15:00,Premier League,Matchweek 33,Sat,Home,L,1,2,Bournemouth,54.0,52109.0,Sandro Tonali,4-3-3,4-2-3-1,Thomas Bramall,Match Report,,12.0,3.0,,,0.0,0.0,2025-2026,Newcastle United
2026-04-25,17:30,Premier League,Matchweek 34,Sat,Away,L,0,1,Arsenal,55.0,60204.0,Bruno Guimarães,4-1-4-1,4-3-3,Samuel Barrott,Match Report,,13.0,3.0,,,0.0,0.0,2025-2026,Newcastle United
2026-05-02,15:00,Premier League,Matchweek 35,Sat,Home,W,3,1,Brighton,33.0,52099.0,Bruno Guimarães,4-2-3-1,4-2-3-1,Chris Kavanagh,Match Report,,13.0,6.0,,,0.0,0.0,2025-2026,Newcastle United
2026-05-10,14:00,Premier League,Matchweek 36,Sun,Away,D,1,1,Nottingham,54.0,30691.0,Bruno Guimarães,4-2-3-1,3-4-3,Paul Tierney,Match Report,,16.0,6.0,,,0.0,0.0,2025-2026,Newcastle United
2026-05-17,17:30,Premier League,Matchweek 37,Sun,Home,W,3,1,West Ham,56.0,52206.0,Kieran Trippier,4-2-3-1,3-4-3,Jarred Gillett,Match Report,,15.0,7.0,,,0.0,0.0,2025-2026,Newcastle United
2026-05-24,16:00,Premier League,Matchweek 38,Sun,Away,L,0,2,Fulham,54.0,27442.0,Bruno Guimarães,3-5-2,4-2-3-1,Robert Jones,Match Report,,7.0,2.0,,,0.0,0.0,2025-2026,Newcastle United
2025-08-17,14:00,Premier League,Matchweek 1,Sun,Home,W,3,1,Brentford,55.0,29949.0,Morgan Gibbs-White,4-2-3-1,4-2-3-1,Peter Bankes,Match Report,,11.0,5.0,,,0.0,0.0,2025-2026,Nottingham Forest
2025-08-24,14:00,Premier League,Matchweek 2,Sun,Away,D,1,1,Crystal Palace,58.0,24876.0,Morgan Gibbs-White,4-2-3-1,3-4-3,Anthony Taylor,Match Report,,9.0,1.0,,,0.0,0.0,2025-2026,Nottingham Forest
2025-08-31,14:00,Premier League,Matchweek 3,Sun,Home,L,0,3,West Ham,58.0,30215.0,Morgan Gibbs-White,4-2-3-1,4-2-3-1,Craig Pawson,Match Report,,11.0,3.0,,,0.0,0.0,2025-2026,Nottingham Forest
2025-09-13,12:30,Premier League,Matchweek 4,Sat,Away,L,0,3,Arsenal,46.0,60167.0,Morgan Gibbs-White,4-2-3-1,4-3-3,Darren England,Match Report,,5.0,1.0,,,0.0,0.0,2025-2026,Nottingham Forest
2025-09-20,15:00,Premier League,Matchweek 5,Sat,Away,D,1,1,Burnley,63.0,21475.0,Morgan Gibbs-White,4-2-3-1,5-4-1,Thomas Bramall,Match Report,,17.0,8.0,,,0.0,0.0,2025-2026,Nottingham Forest
2025-09-27,17:30,Premier League,Matchweek 6,Sat,Home,L,0,1,Sunderland,65.0,30226.0,Chris Wood,4-2-3-1,4-2-3-1,Tony Harrington,Match Report,,22.0,6.0,,,0.0,0.0,2025-2026,Nottingham Forest
2025-10-05,14:00,Premier League,Matchweek 7,Sun,Away,L,0,2,Newcastle,48.0,52189.0,Ryan Yates,3-4-3,4-3-3,Peter Bankes,Match Report,,5.0,4.0,,,0.0,0.0,2025-2026,Nottingham Forest
2025-10-18,12:30,Premier League,Matchweek 8,Sat,Home,L,0,3,Chelsea,50.0,30495.0,Morgan Gibbs-White,5-3-2,4-2-3-1,Chris Kavanagh,Match Report,,12.0,2.0,,,0.0,0.0,2025-2026,Nottingham Forest
2025-10-26,14:00,Premier League,Matchweek 9,Sun,Away,L,0,2,Bournemouth,48.0,11204.0,Morgan Gibbs-White,4-2-3-1,4-2-3-1,Samuel Barrott,Match Report,,8.0,4.0,,,0.0,0.0,2025-2026,Nottingham Forest
2025-11-01,15:00,Premier League,Matchweek 10,Sat,Home,D,2,2,Manchester Utd,41.0,30778.0,Morgan Gibbs-White,4-2-3-1,3-4-3,Darren England,Match Report,,17.0,3.0,,,0.0,0.0,2025-2026,Nottingham Forest
2025-11-09,14:00,Premier League,Matchweek 11,Sun,Home,W,3,1,Leeds United,46.0,30708.0,Morgan Gibbs-White,4-2-3-1,4-3-3,Jarred Gillett,Match Report,,14.0,6.0,,,1.0,1.0,2025-2026,Nottingham Forest
2025-11-22,15:00,Premier League,Matchweek 12,Sat,Away,W,3,0,Liverpool,26.0,60419.0,Morgan Gibbs-White,4-2-3-1,4-3-3,Andy Madley,Match Report,,15.0,7.0,,,0.0,0.0,2025-2026,Nottingham Forest
2025-11-30,14:05,Premier League,Matchweek 13,Sun,Home,L,0,2,Brighton,52.0,30522.0,Morgan Gibbs-White,4-2-3-1,4-2-3-1,Michael Oliver,Match Report,,19.0,3.0,,,0.0,0.0,2025-2026,Nottingham Forest
2025-12-03,19:30,Premier League,Matchweek 14,Wed,Away,W,1,0,Wolves,51.0,28646.0,Morgan Gibbs-White,4-2-3-1,3-4-3,Tim Robinson,Match Report,,10.0,3.0,,,0.0,0.0,2025-2026,Nottingham Forest
2025-12-06,15:00,Premier League,Matchweek 15,Sat,Away,L,0,3,Everton,59.0,52501.0,Morgan Gibbs-White,4-2-3-1,4-2-3-1,Chris Kavanagh,Match Report,,7.0,3.0,,,0.0,0.0,2025-2026,Nottingham Forest
2025-12-14,14:00,Premier League,Matchweek 16,Sun,Home,W,3,0,Tottenham,48.0,30579.0,Morgan Gibbs-White,4-2-3-1,4-2-3-1,Samuel Barrott,Match Report,,15.0,6.0,,,0.0,0.0,2025-2026,Nottingham Forest
2025-12-22,20:00,Premier League,Matchweek 17,Mon,Away,L,0,1,Fulham,51.0,26647.0,Morgan Gibbs-White,4-2-3-1,4-2-3-1,Anthony Taylor,Match Report,,12.0,2.0,,,0.0,0.0,2025-2026,Nottingham Forest
2025-12-27,12:30,Premier League,Matchweek 18,Sat,Home,L,1,2,Manchester City,34.0,30778.0,Morgan Gibbs-White,4-2-3-1,4-3-2-1,Robert Jones,Match Report,,7.0,2.0,,,0.0,0.0,2025-2026,Nottingham Forest
2025-12-30,19:30,Premier League,Matchweek 19,Tue,Home,L,0,2,Everton,70.0,30617.0,Morgan Gibbs-White,4-2-3-1,4-2-3-1,Michael Oliver,Match Report,,21.0,6.0,,,0.0,0.0,2025-2026,Nottingham Forest
2026-01-03,12:30,Premier League,Matchweek 20,Sat,Away,L,1,3,Aston Villa,27.0,43039.0,Morgan Gibbs-White,4-5-1,4-2-3-1,Simon Hooper,Match Report,,10.0,5.0,,,0.0,0.0,2025-2026,Nottingham Forest
2026-01-06,20:00,Premier League,Matchweek 21,Tue,Away,W,2,1,West Ham,53.0,62429.0,Morgan Gibbs-White,4-2-3-1,4-2-3-1,Tony Harrington,Match Report,,13.0,5.0,,,1.0,1.0,2025-2026,Nottingham Forest
2026-01-17,17:30,Premier League,Matchweek 22,Sat,Home,D,0,0,Arsenal,39.0,30729.0,Morgan Gibbs-White,4-2-3-1,4-3-3,Michael Oliver,Match Report,,6.0,0.0,,,0.0,0.0,2025-2026,Nottingham Forest
2026-01-25,14:00,Premier League,Matchweek 23,Sun,Away,W,2,0,Brentford,34.0,17134.0,Morgan Gibbs-White,4-2-3-1,4-2-3-1,Samuel Barrott,Match Report,,7.0,2.0,,,0.0,0.0,2025-2026,Nottingham Forest
2026-02-01,14:00,Premier League,Matchweek 24,Sun,Home,D,1,1,Crystal Palace,33.0,30334.0,Morgan Gibbs-White,4-2-3-1,3-4-3,Tony Harrington,Match Report,,9.0,1.0,,,0.0,0.0,2025-2026,Nottingham Forest
2026-02-06,20:00,Premier League,Matchweek 25,Fri,Away,L,1,3,Leeds United,44.0,36835.0,Morgan Gibbs-White,4-2-3-1,3-4-3,Peter Bankes,Match Report,,16.0,6.0,,,0.0,0.0,2025-2026,Nottingham Forest
2026-02-11,19:30,Premier League,Matchweek 26,Wed,Home,D,0,0,Wolves,63.0,29921.0,Morgan Gibbs-White,4-2-3-1,3-4-1-2,Tim Robinson,Match Report,,35.0,10.0,,,0.0,0.0,2025-2026,Nottingham Forest
2026-02-22,14:00,Premier League,Matchweek 27,Sun,Home,L,0,1,Liverpool,47.0,30737.0,Morgan Gibbs-White,4-2-3-1,4-2-3-1,Anthony Taylor,Match Report,,18.0,2.0,,,0.0,0.0,2025-2026,Nottingham Forest
2026-03-01,14:00,Premier League,Matchweek 28,Sun,Away,L,1,2,Brighton,47.0,31427.0,Morgan Gibbs-White,4-2-3-1,4-2-3-1,Andy Madley,Match Report,,13.0,4.0,,,0.0,0.0,2025-2026,Nottingham Forest
2026-03-04,19:30,Premier League,Matchweek 29,Wed,Away,D,2,2,Manchester City,30.0,51965.0,Morgan Gibbs-White,5-3-2,4-1-3-2,Darren England,Match Report,,9.0,4.0,,,0.0,0.0,2025-2026,Nottingham Forest
2026-03-15,14:00,Premier League,Matchweek 30,Sun,Home,D,0,0,Fulham,46.0,30013.0,Morgan Gibbs-White,4-2-3-1,4-2-3-1,Samuel Barrott,Match Report,,11.0,2.0,,,0.0,0.0,2025-2026,Nottingham Forest
2026-03-22,14:15,Premier League,Matchweek 31,Sun,Away,W,3,0,Tottenham,42.0,61519.0,Morgan Gibbs-White,4-2-3-1,4-4-2,Michael Oliver,Match Report,,8.0,7.0,,,0.0,0.0,2025-2026,Nottingham Forest
2026-04-12,14:00,Premier League,Matchweek 32,Sun,Home,D,1,1,Aston Villa,41.0,30591.0,Morgan Gibbs-White,4-2-3-1,4-2-3-1,Michael Salisbury,Match Report,,15.0,4.0,,,0.0,0.0,2025-2026,Nottingham Forest
2026-04-19,14:00,Premier League,Matchweek 33,Sun,Home,W,4,1,Burnley,51.0,29458.0,Morgan Gibbs-White,4-2-3-1,4-2-3-1,Thomas Kirk,Match Report,,10.0,4.0,,,0.0,0.0,2025-2026,Nottingham Forest
2026-04-24,20:00,Premier League,Matchweek 34,Fri,Away,W,5,0,Sunderland,39.0,47132.0,Morgan Gibbs-White,4-4-2,4-2-3-1,Darren England,Match Report,,10.0,6.0,,,0.0,0.0,2025-2026,Nottingham Forest
2026-05-04,15:00,Premier League,Matchweek 35,Mon,Away,W,3,1,Chelsea,33.0,39605.0,Ryan Yates,4-4-2,4-2-3-1,Anthony Taylor,Match Report,,6.0,4.0,,,1.0,1.0,2025-2026,Nottingham Forest
2026-05-10,14:00,Premier League,Matchweek 36,Sun,Home,D,1,1,Newcastle,46.0,30691.0,Neco Williams,3-4-3,4-2-3-1,Paul Tierney,Match Report,,17.0,6.0,,,0.0,0.0,2025-2026,Nottingham Forest
2026-05-17,12:30,Premier League,Matchweek 37,Sun,Away,L,2,3,Manchester Utd,51.0,74015.0,Morgan Gibbs-White,4-4-2,4-2-3-1,Michael Salisbury,Match Report,,11.0,4.0,,,0.0,0.0,2025-2026,Nottingham Forest
2026-05-24,16:00,Premier League,Matchweek 38,Sun,Home,D,1,1,Bournemouth,45.0,30741.0,Morgan Gibbs-White,4-4-2,4-2-3-1,Craig Pawson,Match Report,,15.0,5.0,,,0.0,0.0,2025-2026,Nottingham Forest
2025-08-16,15:00,Premier League,Matchweek 1,Sat,Home,W,3,0,West Ham,37.0,46233.0,Granit Xhaka,4-3-3,3-4-1-2,Robert Jones,Match Report,,10.0,5.0,,,0.0,0.0,2025-2026,Sunderland
2025-08-23,15:00,Premier League,Matchweek 2,Sat,Away,L,0,2,Burnley,57.0,21285.0,Granit Xhaka,4-3-3,4-2-3-1,Michael Salisbury,Match Report,,9.0,1.0,,,0.0,0.0,2025-2026,Sunderland
2025-08-30,15:00,Premier League,Matchweek 3,Sat,Home,W,2,1,Brentford,54.0,46267.0,Granit Xhaka,4-3-3,4-2-3-1,Anthony Taylor,Match Report,,12.0,3.0,,,1.0,1.0,2025-2026,Sunderland
2025-09-13,15:00,Premier League,Matchweek 4,Sat,Away,D,0,0,Crystal Palace,44.0,25154.0,Granit Xhaka,4-3-3,3-4-3,Thomas Bramall,Match Report,,6.0,0.0,,,0.0,0.0,2025-2026,Sunderland
2025-09-21,14:00,Premier League,Matchweek 5,Sun,Home,D,1,1,Aston Villa,29.0,46261.0,Granit Xhaka,4-3-3,4-2-3-1,Samuel Barrott,Match Report,,14.0,4.0,,,0.0,0.0,2025-2026,Sunderland
2025-09-27,17:30,Premier League,Matchweek 6,Sat,Away,W,1,0,Nottingham,35.0,30226.0,Granit Xhaka,4-2-3-1,4-2-3-1,Tony Harrington,Match Report,,11.0,3.0,,,0.0,0.0,2025-2026,Sunderland
2025-10-04,15:00,Premier League,Matchweek 7,Sat,Away,L,0,2,Manchester Utd,49.0,74004.0,Granit Xhaka,4-2-3-1,3-4-3,Stuart Attwell,Match Report,,8.0,3.0,,,0.0,0.0,2025-2026,Sunderland
2025-10-18,15:00,Premier League,Matchweek 8,Sat,Home,W,2,0,Wolves,41.0,46578.0,Granit Xhaka,4-2-3-1,4-3-3,Robert Jones,Match Report,,8.0,2.0,,,0.0,0.0,2025-2026,Sunderland
2025-10-25,15:00,Premier League,Matchweek 9,Sat,Away,W,2,1,Chelsea,31.0,39489.0,Granit Xhaka,5-4-1,4-2-3-1,Andy Madley,Match Report,,10.0,4.0,,,0.0,0.0,2025-2026,Sunderland
2025-11-03,20:00,Premier League,Matchweek 10,Mon,Home,D,1,1,Everton,61.0,41476.0,Granit Xhaka,3-4-3,4-2-3-1,Thomas Bramall,Match Report,,17.0,3.0,,,0.0,0.0,2025-2026,Sunderland
2025-11-08,17:30,Premier League,Matchweek 11,Sat,Home,D,2,2,Arsenal,35.0,46799.0,Granit Xhaka,5-4-1,4-2-3-1,Craig Pawson,Match Report,,6.0,2.0,,,0.0,0.0,2025-2026,Sunderland
2025-11-22,15:00,Premier League,Matchweek 12,Sat,Away,L,0,1,Fulham,43.0,27560.0,Granit Xhaka,5-4-1,4-2-3-1,Darren England,Match Report,,4.0,2.0,,,0.0,0.0,2025-2026,Sunderland
2025-11-29,15:00,Premier League,Matchweek 13,Sat,Home,W,3,2,Bournemouth,43.0,46973.0,Granit Xhaka,4-2-3-1,4-2-3-1,Tim Robinson,Match Report,,12.0,6.0,,,1.0,1.0,2025-2026,Sunderland
2025-12-03,20:15,Premier League,Matchweek 14,Wed,Away,D,1,1,Liverpool,32.0,60146.0,Granit Xhaka,4-4-2,4-2-3-1,Stuart Attwell,Match Report,,9.0,6.0,,,0.0,0.0,2025-2026,Sunderland
2025-12-06,15:00,Premier League,Matchweek 15,Sat,Away,L,0,3,Manchester City,37.0,52436.0,Granit Xhaka,5-4-1,4-3-2-1,Andy Madley,Match Report,,8.0,1.0,,,0.0,0.0,2025-2026,Sunderland
2025-12-14,14:00,Premier League,Matchweek 16,Sun,Home,W,1,0,Newcastle,46.0,47158.0,Granit Xhaka,4-2-3-1,4-3-3,Peter Bankes,Match Report,,5.0,1.0,,,0.0,0.0,2025-2026,Sunderland
2025-12-20,15:00,Premier League,Matchweek 17,Sat,Away,D,0,0,Brighton,44.0,31426.0,Granit Xhaka,4-2-3-1,4-2-3-1,Darren England,Match Report,,14.0,6.0,,,0.0,0.0,2025-2026,Sunderland
2025-12-28,14:00,Premier League,Matchweek 18,Sun,Home,D,1,1,Leeds United,43.0,46675.0,Granit Xhaka,4-2-3-1,3-5-2,Tony Harrington,Match Report,,8.0,3.0,,,0.0,0.0,2025-2026,Sunderland
2026-01-01,20:00,Premier League,Matchweek 19,Thu,Home,D,0,0,Manchester City,32.0,46920.0,Granit Xhaka,4-2-3-1,4-3-2-1,Jarred Gillett,Match Report,,10.0,4.0,,,0.0,0.0,2025-2026,Sunderland
2026-01-04,15:00,Premier League,Matchweek 20,Sun,Away,D,1,1,Tottenham,51.0,60877.0,Granit Xhaka,4-4-2,4-2-3-1,Stuart Attwell,Match Report,,10.0,3.0,,,0.0,0.0,2025-2026,Sunderland
2026-01-07,19:30,Premier League,Matchweek 21,Wed,Away,L,0,3,Brentford,49.0,17016.0,Granit Xhaka,4-2-3-1,4-2-3-1,Matt Donohue,Match Report,,11.0,3.0,,,0.0,1.0,2025-2026,Sunderland
2026-01-17,15:00,Premier League,Matchweek 22,Sat,Home,W,2,1,Crystal Palace,59.0,47257.0,Granit Xhaka,4-2-3-1,3-4-3,Robert Jones,Match Report,,13.0,7.0,,,0.0,0.0,2025-2026,Sunderland
2026-01-24,12:30,Premier League,Matchweek 23,Sat,Away,L,1,3,West Ham,53.0,62456.0,Trai Hume,4-4-2,4-4-1-1,Thomas Bramall,Match Report,,7.0,2.0,,,0.0,0.0,2025-2026,Sunderland
2026-02-02,20:00,Premier League,Matchweek 24,Mon,Home,W,3,0,Burnley,44.0,46370.0,Trai Hume,5-4-1,3-4-3,Paul Tierney,Match Report,,14.0,5.0,,,0.0,0.0,2025-2026,Sunderland
2026-02-07,15:00,Premier League,Matchweek 25,Sat,Away,L,0,3,Arsenal,51.0,60312.0,Trai Hume,4-2-3-1,4-3-3,Samuel Barrott,Match Report,,5.0,3.0,,,0.0,0.0,2025-2026,Sunderland
2026-02-11,20:15,Premier League,Matchweek 26,Wed,Home,L,0,1,Liverpool,44.0,47159.0,Trai Hume,4-2-3-1,4-2-3-1,Chris Kavanagh,Match Report,,11.0,2.0,,,0.0,0.0,2025-2026,Sunderland
2026-02-22,14:00,Premier League,Matchweek 27,Sun,Home,L,1,3,Fulham,53.0,47222.0,Trai Hume,4-1-4-1,4-2-3-1,Craig Pawson,Match Report,,12.0,2.0,,,1.0,1.0,2025-2026,Sunderland
2026-02-28,12:30,Premier League,Matchweek 28,Sat,Away,D,1,1,Bournemouth,38.0,11240.0,Granit Xhaka,4-2-3-1,4-2-3-1,Jarred Gillett,Match Report,,8.0,4.0,,,0.0,0.0,2025-2026,Sunderland
2026-03-03,19:30,Premier League,Matchweek 29,Tue,Away,W,1,0,Leeds United,30.0,36713.0,Luke O'Nien,4-2-3-1,4-5-1,Stuart Attwell,Match Report,,3.0,1.0,,,1.0,1.0,2025-2026,Sunderland
2026-03-14,15:00,Premier League,Matchweek 30,Sat,Home,L,0,1,Brighton,47.0,45497.0,Granit Xhaka,4-1-4-1,4-2-3-1,Thomas Kirk,Match Report,,14.0,4.0,,,0.0,0.0,2025-2026,Sunderland
2026-03-22,12:00,Premier League,Matchweek 31,Sun,Away,W,2,1,Newcastle,40.0,52253.0,Granit Xhaka,4-1-4-1,4-2-3-1,Anthony Taylor,Match Report,,17.0,7.0,,,0.0,0.0,2025-2026,Sunderland
2026-04-12,14:00,Premier League,Matchweek 32,Sun,Home,W,1,0,Tottenham,53.0,47010.0,Granit Xhaka,4-2-3-1,4-2-3-1,Robert Jones,Match Report,,13.0,2.0,,,0.0,0.0,2025-2026,Sunderland
2026-04-19,14:00,Premier League,Matchweek 33,Sun,Away,L,3,4,Aston Villa,50.0,42599.0,Granit Xhaka,4-2-3-1,4-2-3-1,Samuel Barrott,Match Report,,10.0,7.0,,,0.0,0.0,2025-2026,Sunderland
2026-04-24,20:00,Premier League,Matchweek 34,Fri,Home,L,0,5,Nottingham,61.0,47132.0,Granit Xhaka,4-2-3-1,4-4-2,Darren England,Match Report,,14.0,4.0,,,0.0,0.0,2025-2026,Sunderland
2026-05-02,15:00,Premier League,Matchweek 35,Sat,Away,D,1,1,Wolves,42.0,29632.0,Granit Xhaka,4-2-3-1,3-4-3,Paul Tierney,Match Report,,10.0,2.0,,,0.0,0.0,2025-2026,Sunderland
2026-05-09,15:00,Premier League,Matchweek 36,Sat,Home,D,0,0,Manchester Utd,51.0,47233.0,Granit Xhaka,4-2-3-1,4-2-3-1,Stuart Attwell,Match Report,,15.0,4.0,,,0.0,0.0,2025-2026,Sunderland
2026-05-17,15:00,Premier League,Matchweek 37,Sun,Away,W,3,1,Everton,52.0,52590.0,Granit Xhaka,4-2-3-1,4-2-3-1,John Brooks,Match Report,,7.0,3.0,,,0.0,0.0,2025-2026,Sunderland
2026-05-24,16:00,Premier League,Matchweek 38,Sun,Home,W,2,1,Chelsea,45.0,47155.0,Granit Xhaka,4-2-3-1,3-4-1-2,Chris Kavanagh,Match Report,,21.0,6.0,,,0.0,0.0,2025-2026,Sunderland
2025-08-16,15:00,Premier League,Matchweek 1,Sat,Home,W,3,0,Burnley,68.0,61077.0,Cristian Romero,4-3-3,5-4-1,Michael Oliver,Match Report,,16.0,6.0,,,0.0,0.0,2025-2026,Tottenham Hotspur
2025-08-23,12:30,Premier League,Matchweek 2,Sat,Away,W,2,0,Manchester City,39.0,51785.0,Cristian Romero,4-3-3,4-1-4-1,Peter Bankes,Match Report,,12.0,5.0,,,0.0,0.0,2025-2026,Tottenham Hotspur
2025-08-30,15:00,Premier League,Matchweek 3,Sat,Home,L,0,1,Bournemouth,62.0,61250.0,Cristian Romero,4-3-3,4-2-3-1,Simon Hooper,Match Report,,5.0,1.0,,,0.0,0.0,2025-2026,Tottenham Hotspur
2025-09-13,17:30,Premier League,Matchweek 4,Sat,Away,W,3,0,West Ham,64.0,62459.0,Cristian Romero,4-3-3,4-2-3-1,Jarred Gillett,Match Report,,14.0,5.0,,,0.0,0.0,2025-2026,Tottenham Hotspur
2025-09-20,15:00,Premier League,Matchweek 5,Sat,Away,D,2,2,Brighton,64.0,31488.0,Cristian Romero,4-3-3,4-2-3-1,Chris Kavanagh,Match Report,,11.0,3.0,,,0.0,0.0,2025-2026,Tottenham Hotspur
2025-09-27,20:00,Premier League,Matchweek 6,Sat,Home,D,1,1,Wolves,51.0,60537.0,Cristian Romero,4-2-3-1,4-2-3-1,Michael Salisbury,Match Report,,10.0,3.0,,,0.0,0.0,2025-2026,Tottenham Hotspur
2025-10-04,12:30,Premier League,Matchweek 7,Sat,Away,W,2,1,Leeds United,44.0,36703.0,Cristian Romero,4-2-3-1,4-3-3,Thomas Bramall,Match Report,,9.0,3.0,,,0.0,0.0,2025-2026,Tottenham Hotspur
2025-10-19,14:00,Premier League,Matchweek 8,Sun,Home,L,1,2,Aston Villa,53.0,61291.0,Micky van de Ven,4-2-3-1,4-2-3-1,Simon Hooper,Match Report,,9.0,3.0,,,0.0,0.0,2025-2026,Tottenham Hotspur
2025-10-26,16:30,Premier League,Matchweek 9,Sun,Away,W,3,0,Everton,47.0,51781.0,Micky van de Ven,4-2-3-1,4-2-3-1,Craig Pawson,Match Report,,7.0,4.0,,,0.0,0.0,2025-2026,Tottenham Hotspur
2025-11-01,17:30,Premier League,Matchweek 10,Sat,Home,L,0,1,Chelsea,48.0,61202.0,Micky van de Ven,4-2-3-1,4-2-3-1,Jarred Gillett,Match Report,,3.0,1.0,,,0.0,0.0,2025-2026,Tottenham Hotspur
2025-11-08,12:30,Premier League,Matchweek 11,Sat,Home,D,2,2,Manchester Utd,55.0,61210.0,Cristian Romero,4-2-3-1,3-4-3,Samuel Barrott,Match Report,,10.0,4.0,,,0.0,0.0,2025-2026,Tottenham Hotspur
2025-11-23,16:30,Premier League,Matchweek 12,Sun,Away,L,1,4,Arsenal,43.0,60345.0,Cristian Romero,3-4-3,4-2-3-1,Michael Oliver,Match Report,,3.0,2.0,,,0.0,0.0,2025-2026,Tottenham Hotspur
2025-11-29,20:00,Premier League,Matchweek 13,Sat,Home,L,1,2,Fulham,63.0,60546.0,Micky van de Ven,4-2-2-2,4-2-3-1,Stuart Attwell,Match Report,,14.0,2.0,,,0.0,0.0,2025-2026,Tottenham Hotspur
2025-12-02,20:15,Premier League,Matchweek 14,Tue,Away,D,2,2,Newcastle,47.0,52007.0,Cristian Romero,4-2-3-1,4-3-3,Thomas Bramall,Match Report,,8.0,2.0,,,0.0,0.0,2025-2026,Tottenham Hotspur
2025-12-06,15:00,Premier League,Matchweek 15,Sat,Home,W,2,0,Brentford,53.0,60759.0,Cristian Romero,4-2-3-1,4-2-3-1,Robert Jones,Match Report,,15.0,7.0,,,0.0,0.0,2025-2026,Tottenham Hotspur
2025-12-14,14:00,Premier League,Matchweek 16,Sun,Away,L,0,3,Nottingham,52.0,30579.0,Cristian Romero,4-2-3-1,4-2-3-1,Samuel Barrott,Match Report,,6.0,1.0,,,0.0,0.0,2025-2026,Tottenham Hotspur
2025-12-20,17:30,Premier League,Matchweek 17,Sat,Home,L,1,2,Liverpool,35.0,61138.0,Cristian Romero,4-2-2-2,4-2-3-1,John Brooks,Match Report,,15.0,4.0,,,0.0,0.0,2025-2026,Tottenham Hotspur
2025-12-28,16:30,Premier League,Matchweek 18,Sun,Away,W,1,0,Crystal Palace,38.0,25186.0,Micky van de Ven,4-2-3-1,3-4-3,Jarred Gillett,Match Report,,8.0,4.0,,,0.0,0.0,2025-2026,Tottenham Hotspur
2026-01-01,20:00,Premier League,Matchweek 19,Thu,Away,D,0,0,Brentford,44.0,17141.0,Cristian Romero,4-3-3,4-3-3,Andy Madley,Match Report,,9.0,3.0,,,0.0,0.0,2025-2026,Tottenham Hotspur
2026-01-04,15:00,Premier League,Matchweek 20,Sun,Home,D,1,1,Sunderland,49.0,60877.0,Cristian Romero,4-2-3-1,4-4-2,Stuart Attwell,Match Report,,13.0,5.0,,,0.0,0.0,2025-2026,Tottenham Hotspur
2026-01-07,19:30,Premier League,Matchweek 21,Wed,Away,L,2,3,Bournemouth,58.0,11212.0,Cristian Romero,4-2-3-1,4-2-3-1,Darren England,Match Report,,16.0,4.0,,,0.0,0.0,2025-2026,Tottenham Hotspur
2026-01-17,15:00,Premier League,Matchweek 22,Sat,Home,L,1,2,West Ham,62.0,60857.0,Cristian Romero,4-2-3-1,4-4-1-1,Jarred Gillett,Match Report,,21.0,6.0,,,0.0,0.0,2025-2026,Tottenham Hotspur
2026-01-24,15:00,Premier League,Matchweek 23,Sat,Away,D,2,2,Burnley,63.0,21618.0,Cristian Romero,3-4-3,3-4-3,Peter Bankes,Match Report,,18.0,11.0,,,0.0,0.0,2025-2026,Tottenham Hotspur
2026-02-01,16:30,Premier League,Matchweek 24,Sun,Home,D,2,2,Manchester City,39.0,61337.0,Cristian Romero,3-4-3,4-1-4-1,Robert Jones,Match Report,,12.0,6.0,,,0.0,0.0,2025-2026,Tottenham Hotspur
2026-02-07,12:30,Premier League,Matchweek 25,Sat,Away,L,0,2,Manchester Utd,35.0,73985.0,Cristian Romero,4-3-3,4-2-3-1,Michael Oliver,Match Report,,7.0,1.0,,,0.0,0.0,2025-2026,Tottenham Hotspur
2026-02-10,19:30,Premier League,Matchweek 26,Tue,Home,L,1,2,Newcastle,53.0,59773.0,Micky van de Ven,4-3-3,4-3-3,Anthony Taylor,Match Report,,16.0,2.0,,,0.0,0.0,2025-2026,Tottenham Hotspur
2026-02-22,16:30,Premier League,Matchweek 27,Sun,Home,L,1,4,Arsenal,39.0,61439.0,Micky van de Ven,3-5-2,4-2-3-1,Peter Bankes,Match Report,,6.0,5.0,,,0.0,0.0,2025-2026,Tottenham Hotspur
2026-03-01,14:00,Premier League,Matchweek 28,Sun,Away,L,1,2,Fulham,46.0,27439.0,Micky van de Ven,4-4-2,4-2-3-1,Thomas Bramall,Match Report,,13.0,1.0,,,0.0,0.0,2025-2026,Tottenham Hotspur
2026-03-05,20:00,Premier League,Matchweek 29,Thu,Home,L,1,3,Crystal Palace,40.0,60213.0,Micky van de Ven,3-4-3,3-4-3,Andy Madley,Match Report,,12.0,4.0,,,0.0,0.0,2025-2026,Tottenham Hotspur
2026-03-15,16:30,Premier League,Matchweek 30,Sun,Away,D,1,1,Liverpool,37.0,60248.0,Pedro Porro,4-4-2,4-2-3-1,Chris Kavanagh,Match Report,,13.0,7.0,,,0.0,0.0,2025-2026,Tottenham Hotspur
2026-03-22,14:15,Premier League,Matchweek 31,Sun,Home,L,0,3,Nottingham,58.0,61519.0,Cristian Romero,4-4-2,4-2-3-1,Michael Oliver,Match Report,,14.0,3.0,,,0.0,0.0,2025-2026,Tottenham Hotspur
2026-04-12,14:00,Premier League,Matchweek 32,Sun,Away,L,0,1,Sunderland,48.0,47010.0,Cristian Romero,4-2-3-1,4-2-3-1,Robert Jones,Match Report,,11.0,7.0,,,0.0,0.0,2025-2026,Tottenham Hotspur
2026-04-18,17:30,Premier League,Matchweek 33,Sat,Home,D,2,2,Brighton,42.0,61167.0,Micky van de Ven,4-3-3,4-2-3-1,Stuart Attwell,Match Report,,13.0,6.0,,,0.0,0.0,2025-2026,Tottenham Hotspur
2026-04-25,15:00,Premier League,Matchweek 34,Sat,Away,W,1,0,Wolves,59.0,31253.0,Micky van de Ven,4-2-3-1,3-4-3,Anthony Taylor,Match Report,,11.0,2.0,,,0.0,0.0,2025-2026,Tottenham Hotspur
2026-05-03,19:00,Premier League,Matchweek 35,Sun,Away,W,2,1,Aston Villa,55.0,42767.0,Micky van de Ven,4-2-3-1,4-2-3-1,Samuel Barrott,Match Report,,10.0,5.0,,,0.0,0.0,2025-2026,Tottenham Hotspur
2026-05-11,20:00,Premier League,Matchweek 36,Mon,Home,D,1,1,Leeds United,57.0,61048.0,Micky van de Ven,4-2-3-1,3-5-2,Jarred Gillett,Match Report,,16.0,3.0,,,0.0,0.0,2025-2026,Tottenham Hotspur
2026-05-19,20:15,Premier League,Matchweek 37,Tue,Away,L,1,2,Chelsea,56.0,39463.0,Micky van de Ven,4-2-3-1,4-2-3-1,Stuart Attwell,Match Report,,9.0,3.0,,,0.0,0.0,2025-2026,Tottenham Hotspur
2026-05-24,16:00,Premier League,Matchweek 38,Sun,Home,W,1,0,Everton,50.0,61876.0,Micky van de Ven,4-2-3-1,4-2-3-1,Michael Oliver,Match Report,,20.0,2.0,,,0.0,0.0,2025-2026,Tottenham Hotspur
2026-08-21,20:00,Premier League,Matchweek 1,Fri,Home,W,3.0,0.0,Coventry City,65.0,60098.0,Martin Ødegaard,4-2-3-1,4-1-4-1,Thomas Bramall,Match Report,,20.0,6.0,,,0.0,0.0,2026-2027,Arsenal
2026-08-31,20:00,Premier League,Matchweek 2,Mon,Away,,,,Aston Villa,,,,,,,Head-to-Head,,,,,,,,2026-2027,Arsenal
2026-09-06,16:30,Premier League,Matchweek 3,Sun,Home,,,,Chelsea,,,,,,,Head-to-Head,,,,,,,,2026-2027,Arsenal
2026-09-12,20:00,Premier League,Matchweek 4,Sat,Away,,,,Sunderland,,,,,,,Head-to-Head,,,,,,,,2026-2027,Arsenal
2026-09-19,15:00,Premier League,Matchweek 5,Sat,Away,,,,Brighton,,,,,,,Head-to-Head,,,,,,,,2026-2027,Arsenal
2026-10-10,12:30,Premier League,Matchweek 6,Sat,Home,,,,Leeds United,,,,,,,Head-to-Head,,,,,,,,2026-2027,Arsenal
2026-10-18,16:30,Premier League,Matchweek 7,Sun,Away,,,,Nottingham,,,,,,,Head-to-Head,,,,,,,,2026-2027,Arsenal
2026-10-24,15:00,Premier League,Matchweek 8,Sat,Home,,,,Everton,,,,,,,Head-to-Head,,,,,,,,2026-2027,Arsenal
2026-11-01,16:30,Premier League,Matchweek 9,Sun,Away,,,,Liverpool,,,,,,,Head-to-Head,,,,,,,,2026-2027,Arsenal
2026-11-07,15:00,Premier League,Matchweek 10,Sat,Home,,,,Hull City,,,,,,,Head-to-Head,,,,,,,,2026-2027,Arsenal
2026-11-21,15:00,Premier League,Matchweek 11,Sat,Away,,,,Newcastle,,,,,,,Head-to-Head,,,,,,,,2026-2027,Arsenal
2026-11-28,15:00,Premier League,Matchweek 12,Sat,Home,,,,Manchester City,,,,,,,Head-to-Head,,,,,,,,2026-2027,Arsenal
2026-12-02,20:00,Premier League,Matchweek 13,Wed,Away,,,,Brentford,,,,,,,Head-to-Head,,,,,,,,2026-2027,Arsenal
2026-12-05,15:00,Premier League,Matchweek 14,Sat,Away,,,,Tottenham,,,,,,,Head-to-Head,,,,,,,,2026-2027,Arsenal
2026-12-12,15:00,Premier League,Matchweek 15,Sat,Home,,,,Bournemouth,,,,,,,Head-to-Head,,,,,,,,2026-2027,Arsenal
2026-12-19,15:00,Premier League,Matchweek 16,Sat,Home,,,,Manchester Utd,,,,,,,Head-to-Head,,,,,,,,2026-2027,Arsenal
2026-12-26,15:00,Premier League,Matchweek 17,Sat,Away,,,,Crystal Palace,,,,,,,Head-to-Head,,,,,,,,2026-2027,Arsenal
2026-12-30,20:00,Premier League,Matchweek 18,Wed,Away,,,,Fulham,,,,,,,Head-to-Head,,,,,,,,2026-2027,Arsenal
2027-01-02,15:00,Premier League,Matchweek 19,Sat,Home,,,,Ipswich Town,,,,,,,Head-to-Head,,,,,,,,2026-2027,Arsenal
2027-01-06,20:00,Premier League,Matchweek 20,Wed,Home,,,,Brentford,,,,,,,Head-to-Head,,,,,,,,2026-2027,Arsenal
2027-01-16,15:00,Premier League,Matchweek 21,Sat,Away,,,,Hull City,,,,,,,Head-to-Head,,,,,,,,2026-2027,Arsenal
2027-01-23,15:00,Premier League,Matchweek 22,Sat,Home,,,,Newcastle,,,,,,,Head-to-Head,,,,,,,,2026-2027,Arsenal
2027-01-30,15:00,Premier League,Matchweek 23,Sat,Away,,,,Manchester City,,,,,,,Head-to-Head,,,,,,,,2026-2027,Arsenal
2027-02-06,15:00,Premier League,Matchweek 24,Sat,Home,,,,Liverpool,,,,,,,Head-to-Head,,,,,,,,2026-2027,Arsenal
2027-02-10,20:00,Premier League,Matchweek 25,Wed,Away,,,,Ipswich Town,,,,,,,Head-to-Head,,,,,,,,2026-2027,Arsenal
2027-02-20,15:00,Premier League,Matchweek 26,Sat,Home,,,,Fulham,,,,,,,Head-to-Head,,,,,,,,2026-2027,Arsenal
2027-02-27,15:00,Premier League,Matchweek 27,Sat,Away,,,,Manchester Utd,,,,,,,Head-to-Head,,,,,,,,2026-2027,Arsenal
2027-03-03,20:00,Premier League,Matchweek 28,Wed,Home,,,,Crystal Palace,,,,,,,Head-to-Head,,,,,,,,2026-2027,Arsenal
2027-03-13,15:00,Premier League,Matchweek 29,Sat,Away,,,,Chelsea,,,,,,,Head-to-Head,,,,,,,,2026-2027,Arsenal
2027-03-20,15:00,Premier League,Matchweek 30,Sat,Home,,,,Sunderland,,,,,,,Head-to-Head,,,,,,,,2026-2027,Arsenal
2027-04-10,15:00,Premier League,Matchweek 31,Sat,Away,,,,Coventry City,,,,,,,Head-to-Head,,,,,,,,2026-2027,Arsenal
2027-04-17,15:00,Premier League,Matchweek 32,Sat,Home,,,,Aston Villa,,,,,,,Head-to-Head,,,,,,,,2026-2027,Arsenal
2027-04-24,15:00,Premier League,Matchweek 33,Sat,Away,,,,Bournemouth,,,,,,,Head-to-Head,,,,,,,,2026-2027,Arsenal
2027-05-01,15:00,Premier League,Matchweek 34,Sat,Home,,,,Tottenham,,,,,,,Head-to-Head,,,,,,,,2026-2027,Arsenal
2027-05-08,15:00,Premier League,Matchweek 35,Sat,Away,,,,Leeds United,,,,,,,Head-to-Head,,,,,,,,2026-2027,Arsenal
2027-05-15,15:00,Premier League,Matchweek 36,Sat,Home,,,,Nottingham,,,,,,,Head-to-Head,,,,,,,,2026-2027,Arsenal
2027-05-23,15:00,Premier League,Matchweek 37,Sun,Away,,,,Everton,,,,,,,Head-to-Head,,,,,,,,2026-2027,Arsenal
2027-05-30,16:00,Premier League,Matchweek 38,Sun,Home,,,,Brighton,,,,,,,Head-to-Head,,,,,,,,2026-2027,Arsenal
2026-08-23,14:00,Premier League,Matchweek 1,Sun,Away,L,0.0,4.0,Brighton,27.0,31746.0,John McGinn,4-2-3-1,4-2-3-1,Peter Bankes,Match Report,,6.0,0.0,,,0.0,0.0,2026-2027,Aston Villa
2026-08-31,20:00,Premier League,Matchweek 2,Mon,Home,,,,Arsenal,,,,,,,Head-to-Head,,,,,,,,2026-2027,Aston Villa
2026-09-05,17:30,Premier League,Matchweek 3,Sat,Away,,,,Hull City,,,,,,,Head-to-Head,,,,,,,,2026-2027,Aston Villa
2026-09-12,15:00,Premier League,Matchweek 4,Sat,Home,,,,Nottingham,,,,,,,Head-to-Head,,,,,,,,2026-2027,Aston Villa
2026-09-19,12:30,Premier League,Matchweek 5,Sat,Away,,,,Tottenham,,,,,,,Head-to-Head,,,,,,,,2026-2027,Aston Villa
2026-10-10,15:00,Premier League,Matchweek 6,Sat,Home,,,,Brentford,,,,,,,Head-to-Head,,,,,,,,2026-2027,Aston Villa
2026-10-17,17:30,Premier League,Matchweek 7,Sat,Away,,,,Newcastle,,,,,,,Head-to-Head,,,,,,,,2026-2027,Aston Villa
2026-10-24,12:30,Premier League,Matchweek 8,Sat,Home,,,,Manchester City,,,,,,,Head-to-Head,,,,,,,,2026-2027,Aston Villa
2026-11-01,14:00,Premier League,Matchweek 9,Sun,Home,,,,Fulham,,,,,,,Head-to-Head,,,,,,,,2026-2027,Aston Villa
2026-11-07,15:00,Premier League,Matchweek 10,Sat,Away,,,,Manchester Utd,,,,,,,Head-to-Head,,,,,,,,2026-2027,Aston Villa
2026-11-21,15:00,Premier League,Matchweek 11,Sat,Home,,,,Sunderland,,,,,,,Head-to-Head,,,,,,,,2026-2027,Aston Villa
2026-11-28,15:00,Premier League,Matchweek 12,Sat,Away,,,,Ipswich Town,,,,,,,Head-to-Head,,,,,,,,2026-2027,Aston Villa
2026-12-02,20:00,Premier League,Matchweek 13,Wed,Home,,,,Everton,,,,,,,Head-to-Head,,,,,,,,2026-2027,Aston Villa
2026-12-05,15:00,Premier League,Matchweek 14,Sat,Home,,,,Crystal Palace,,,,,,,Head-to-Head,,,,,,,,2026-2027,Aston Villa
2026-12-12,15:00,Premier League,Matchweek 15,Sat,Away,,,,Coventry City,,,,,,,Head-to-Head,,,,,,,,2026-2027,Aston Villa
2026-12-19,15:00,Premier League,Matchweek 16,Sat,Away,,,,Chelsea,,,,,,,Head-to-Head,,,,,,,,2026-2027,Aston Villa
2026-12-26,15:00,Premier League,Matchweek 17,Sat,Home,,,,Leeds United,,,,,,,Head-to-Head,,,,,,,,2026-2027,Aston Villa
2026-12-30,20:00,Premier League,Matchweek 18,Wed,Home,,,,Liverpool,,,,,,,Head-to-Head,,,,,,,,2026-2027,Aston Villa
2027-01-02,15:00,Premier League,Matchweek 19,Sat,Away,,,,Bournemouth,,,,,,,Head-to-Head,,,,,,,,2026-2027,Aston Villa
2027-01-06,20:00,Premier League,Matchweek 20,Wed,Away,,,,Everton,,,,,,,Head-to-Head,,,,,,,,2026-2027,Aston Villa
2027-01-16,15:00,Premier League,Matchweek 21,Sat,Home,,,,Manchester Utd,,,,,,,Head-to-Head,,,,,,,,2026-2027,Aston Villa
2027-01-23,15:00,Premier League,Matchweek 22,Sat,Away,,,,Fulham,,,,,,,Head-to-Head,,,,,,,,2026-2027,Aston Villa
2027-01-30,15:00,Premier League,Matchweek 23,Sat,Home,,,,Ipswich Town,,,,,,,Head-to-Head,,,,,,,,2026-2027,Aston Villa
2027-02-06,15:00,Premier League,Matchweek 24,Sat,Away,,,,Sunderland,,,,,,,Head-to-Head,,,,,,,,2026-2027,Aston Villa
2027-02-10,20:00,Premier League,Matchweek 25,Wed,Home,,,,Bournemouth,,,,,,,Head-to-Head,,,,,,,,2026-2027,Aston Villa
2027-02-20,15:00,Premier League,Matchweek 26,Sat,Away,,,,Leeds United,,,,,,,Head-to-Head,,,,,,,,2026-2027,Aston Villa
2027-02-27,15:00,Premier League,Matchweek 27,Sat,Home,,,,Chelsea,,,,,,,Head-to-Head,,,,,,,,2026-2027,Aston Villa
2027-03-03,20:00,Premier League,Matchweek 28,Wed,Away,,,,Liverpool,,,,,,,Head-to-Head,,,,,,,,2026-2027,Aston Villa
2027-03-13,15:00,Premier League,Matchweek 29,Sat,Home,,,,Hull City,,,,,,,Head-to-Head,,,,,,,,2026-2027,Aston Villa
2027-03-20,15:00,Premier League,Matchweek 30,Sat,Away,,,,Nottingham,,,,,,,Head-to-Head,,,,,,,,2026-2027,Aston Villa
2027-04-10,15:00,Premier League,Matchweek 31,Sat,Home,,,,Brighton,,,,,,,Head-to-Head,,,,,,,,2026-2027,Aston Villa
2027-04-17,15:00,Premier League,Matchweek 32,Sat,Away,,,,Arsenal,,,,,,,Head-to-Head,,,,,,,,2026-2027,Aston Villa
2027-04-24,15:00,Premier League,Matchweek 33,Sat,Home,,,,Coventry City,,,,,,,Head-to-Head,,,,,,,,2026-2027,Aston Villa
2027-05-01,15:00,Premier League,Matchweek 34,Sat,Away,,,,Crystal Palace,,,,,,,Head-to-Head,,,,,,,,2026-2027,Aston Villa
2027-05-08,15:00,Premier League,Matchweek 35,Sat,Away,,,,Brentford,,,,,,,Head-to-Head,,,,,,,,2026-2027,Aston Villa
2027-05-15,15:00,Premier League,Matchweek 36,Sat,Home,,,,Newcastle,,,,,,,Head-to-Head,,,,,,,,2026-2027,Aston Villa
2027-05-23,15:00,Premier League,Matchweek 37,Sun,Away,,,,Manchester City,,,,,,,Head-to-Head,,,,,,,,2026-2027,Aston Villa
2027-05-30,16:00,Premier League,Matchweek 38,Sun,Home,,,,Tottenham,,,,,,,Head-to-Head,,,,,,,,2026-2027,Aston Villa
2026-08-23,14:00,Premier League,Matchweek 1,Sun,Away,L,1.0,2.0,Manchester City,34.0,60645.0,Adam Smith,4-2-3-1,4-2-3-1,Jarred Gillett,Match Report,,5.0,4.0,,,0.0,0.0,2026-2027,Bournemouth
2026-08-29,15:00,Premier League,Matchweek 2,Sat,Home,,,,Everton,,,,,,,Head-to-Head,,,,,,,,2026-2027,Bournemouth
2026-09-05,12:30,Premier League,Matchweek 3,Sat,Away,,,,Newcastle,,,,,,,Head-to-Head,,,,,,,,2026-2027,Bournemouth
2026-09-12,15:00,Premier League,Matchweek 4,Sat,Home,,,,Brentford,,,,,,,Head-to-Head,,,,,,,,2026-2027,Bournemouth
2026-09-20,14:00,Premier League,Matchweek 5,Sun,Home,,,,Liverpool,,,,,,,Head-to-Head,,,,,,,,2026-2027,Bournemouth
2026-10-10,15:00,Premier League,Matchweek 6,Sat,Away,,,,Chelsea,,,,,,,Head-to-Head,,,,,,,,2026-2027,Bournemouth
2026-10-18,14:00,Premier League,Matchweek 7,Sun,Home,,,,Sunderland,,,,,,,Head-to-Head,,,,,,,,2026-2027,Bournemouth
2026-10-25,14:00,Premier League,Matchweek 8,Sun,Away,,,,Manchester Utd,,,,,,,Head-to-Head,,,,,,,,2026-2027,Bournemouth
2026-10-31,15:00,Premier League,Matchweek 9,Sat,Home,,,,Leeds United,,,,,,,Head-to-Head,,,,,,,,2026-2027,Bournemouth
2026-11-07,15:00,Premier League,Matchweek 10,Sat,Away,,,,Ipswich Town,,,,,,,Head-to-Head,,,,,,,,2026-2027,Bournemouth
2026-11-21,15:00,Premier League,Matchweek 11,Sat,Home,,,,Nottingham,,,,,,,Head-to-Head,,,,,,,,2026-2027,Bournemouth
2026-11-28,15:00,Premier League,Matchweek 12,Sat,Away,,,,Fulham,,,,,,,Head-to-Head,,,,,,,,2026-2027,Bournemouth
2026-12-02,20:00,Premier League,Matchweek 13,Wed,Home,,,,Brighton,,,,,,,Head-to-Head,,,,,,,,2026-2027,Bournemouth
2026-12-05,15:00,Premier League,Matchweek 14,Sat,Home,,,,Hull City,,,,,,,Head-to-Head,,,,,,,,2026-2027,Bournemouth
2026-12-12,15:00,Premier League,Matchweek 15,Sat,Away,,,,Arsenal,,,,,,,Head-to-Head,,,,,,,,2026-2027,Bournemouth
2026-12-19,15:00,Premier League,Matchweek 16,Sat,Home,,,,Coventry City,,,,,,,Head-to-Head,,,,,,,,2026-2027,Bournemouth
2026-12-26,15:00,Premier League,Matchweek 17,Sat,Away,,,,Tottenham,,,,,,,Head-to-Head,,,,,,,,2026-2027,Bournemouth
2026-12-30,20:00,Premier League,Matchweek 18,Wed,Away,,,,Crystal Palace,,,,,,,Head-to-Head,,,,,,,,2026-2027,Bournemouth
2027-01-02,15:00,Premier League,Matchweek 19,Sat,Home,,,,Aston Villa,,,,,,,Head-to-Head,,,,,,,,2026-2027,Bournemouth
2027-01-06,20:00,Premier League,Matchweek 20,Wed,Away,,,,Brighton,,,,,,,Head-to-Head,,,,,,,,2026-2027,Bournemouth
2027-01-16,15:00,Premier League,Matchweek 21,Sat,Home,,,,Ipswich Town,,,,,,,Head-to-Head,,,,,,,,2026-2027,Bournemouth
2027-01-23,15:00,Premier League,Matchweek 22,Sat,Away,,,,Nottingham,,,,,,,Head-to-Head,,,,,,,,2026-2027,Bournemouth
2027-01-30,15:00,Premier League,Matchweek 23,Sat,Home,,,,Fulham,,,,,,,Head-to-Head,,,,,,,,2026-2027,Bournemouth
2027-02-06,15:00,Premier League,Matchweek 24,Sat,Away,,,,Leeds United,,,,,,,Head-to-Head,,,,,,,,2026-2027,Bournemouth
2027-02-10,20:00,Premier League,Matchweek 25,Wed,Away,,,,Aston Villa,,,,,,,Head-to-Head,,,,,,,,2026-2027,Bournemouth
2027-02-20,15:00,Premier League,Matchweek 26,Sat,Home,,,,Crystal Palace,,,,,,,Head-to-Head,,,,,,,,2026-2027,Bournemouth
2027-02-27,15:00,Premier League,Matchweek 27,Sat,Away,,,,Coventry City,,,,,,,Head-to-Head,,,,,,,,2026-2027,Bournemouth
2027-03-03,20:00,Premier League,Matchweek 28,Wed,Home,,,,Tottenham,,,,,,,Head-to-Head,,,,,,,,2026-2027,Bournemouth
2027-03-13,15:00,Premier League,Matchweek 29,Sat,Home,,,,Newcastle,,,,,,,Head-to-Head,,,,,,,,2026-2027,Bournemouth
2027-03-20,15:00,Premier League,Matchweek 30,Sat,Away,,,,Brentford,,,,,,,Head-to-Head,,,,,,,,2026-2027,Bournemouth
2027-04-10,15:00,Premier League,Matchweek 31,Sat,Home,,,,Manchester City,,,,,,,Head-to-Head,,,,,,,,2026-2027,Bournemouth
2027-04-17,15:00,Premier League,Matchweek 32,Sat,Away,,,,Everton,,,,,,,Head-to-Head,,,,,,,,2026-2027,Bournemouth
2027-04-24,15:00,Premier League,Matchweek 33,Sat,Home,,,,Arsenal,,,,,,,Head-to-Head,,,,,,,,2026-2027,Bournemouth
2027-05-01,15:00,Premier League,Matchweek 34,Sat,Away,,,,Hull City,,,,,,,Head-to-Head,,,,,,,,2026-2027,Bournemouth
2027-05-08,15:00,Premier League,Matchweek 35,Sat,Home,,,,Manchester Utd,,,,,,,Head-to-Head,,,,,,,,2026-2027,Bournemouth
2027-05-15,15:00,Premier League,Matchweek 36,Sat,Away,,,,Sunderland,,,,,,,Head-to-Head,,,,,,,,2026-2027,Bournemouth
2027-05-23,15:00,Premier League,Matchweek 37,Sun,Home,,,,Chelsea,,,,,,,Head-to-Head,,,,,,,,2026-2027,Bournemouth
2027-05-30,16:00,Premier League,Matchweek 38,Sun,Away,,,,Liverpool,,,,,,,Head-to-Head,,,,,,,,2026-2027,Bournemouth
2026-08-22,17:30,Premier League,Matchweek 1,Sat,Home,W,3.0,0.0,Tottenham,41.0,17180.0,Nathan Collins,4-2-3-1,4-2-3-1,Michael Oliver,Match Report,,26.0,8.0,,,0.0,1.0,2026-2027,Brentford
2026-08-30,14:00,Premier League,Matchweek 2,Sun,Away,,,,Leeds United,,,,,,,Head-to-Head,,,,,,,,2026-2027,Brentford
2026-09-05,15:00,Premier League,Matchweek 3,Sat,Home,,,,Sunderland,,,,,,,Head-to-Head,,,,,,,,2026-2027,Brentford
2026-09-12,15:00,Premier League,Matchweek 4,Sat,Away,,,,Bournemouth,,,,,,,Head-to-Head,,,,,,,,2026-2027,Brentford
2026-09-18,20:00,Premier League,Matchweek 5,Fri,Home,,,,Chelsea,,,,,,,Head-to-Head,,,,,,,,2026-2027,Brentford
2026-10-10,15:00,Premier League,Matchweek 6,Sat,Away,,,,Aston Villa,,,,,,,Head-to-Head,,,,,,,,2026-2027,Brentford
2026-10-17,15:00,Premier League,Matchweek 7,Sat,Home,,,,Liverpool,,,,,,,Head-to-Head,,,,,,,,2026-2027,Brentford
2026-10-25,14:00,Premier League,Matchweek 8,Sun,Away,,,,Hull City,,,,,,,Head-to-Head,,,,,,,,2026-2027,Brentford
2026-10-31,15:00,Premier League,Matchweek 9,Sat,Home,,,,Nottingham,,,,,,,Head-to-Head,,,,,,,,2026-2027,Brentford
2026-11-07,15:00,Premier League,Matchweek 10,Sat,Away,,,,Brighton,,,,,,,Head-to-Head,,,,,,,,2026-2027,Brentford
2026-11-21,15:00,Premier League,Matchweek 11,Sat,Home,,,,Everton,,,,,,,Head-to-Head,,,,,,,,2026-2027,Brentford
2026-11-28,15:00,Premier League,Matchweek 12,Sat,Away,,,,Manchester Utd,,,,,,,Head-to-Head,,,,,,,,2026-2027,Brentford
2026-12-02,20:00,Premier League,Matchweek 13,Wed,Home,,,,Arsenal,,,,,,,Head-to-Head,,,,,,,,2026-2027,Brentford
2026-12-05,15:00,Premier League,Matchweek 14,Sat,Home,,,,Manchester City,,,,,,,Head-to-Head,,,,,,,,2026-2027,Brentford
2026-12-12,15:00,Premier League,Matchweek 15,Sat,Away,,,,Fulham,,,,,,,Head-to-Head,,,,,,,,2026-2027,Brentford
2026-12-19,15:00,Premier League,Matchweek 16,Sat,Home,,,,Newcastle,,,,,,,Head-to-Head,,,,,,,,2026-2027,Brentford
2026-12-26,15:00,Premier League,Matchweek 17,Sat,Away,,,,Ipswich Town,,,,,,,Head-to-Head,,,,,,,,2026-2027,Brentford
2026-12-30,20:00,Premier League,Matchweek 18,Wed,Away,,,,Coventry City,,,,,,,Head-to-Head,,,,,,,,2026-2027,Brentford
2027-01-02,15:00,Premier League,Matchweek 19,Sat,Home,,,,Crystal Palace,,,,,,,Head-to-Head,,,,,,,,2026-2027,Brentford
2027-01-06,20:00,Premier League,Matchweek 20,Wed,Away,,,,Arsenal,,,,,,,Head-to-Head,,,,,,,,2026-2027,Brentford
2027-01-16,15:00,Premier League,Matchweek 21,Sat,Home,,,,Brighton,,,,,,,Head-to-Head,,,,,,,,2026-2027,Brentford
2027-01-23,15:00,Premier League,Matchweek 22,Sat,Away,,,,Everton,,,,,,,Head-to-Head,,,,,,,,2026-2027,Brentford
2027-01-30,15:00,Premier League,Matchweek 23,Sat,Home,,,,Manchester Utd,,,,,,,Head-to-Head,,,,,,,,2026-2027,Brentford
2027-02-06,15:00,Premier League,Matchweek 24,Sat,Away,,,,Nottingham,,,,,,,Head-to-Head,,,,,,,,2026-2027,Brentford
2027-02-10,20:00,Premier League,Matchweek 25,Wed,Away,,,,Crystal Palace,,,,,,,Head-to-Head,,,,,,,,2026-2027,Brentford
2027-02-20,15:00,Premier League,Matchweek 26,Sat,Home,,,,Coventry City,,,,,,,Head-to-Head,,,,,,,,2026-2027,Brentford
2027-02-27,15:00,Premier League,Matchweek 27,Sat,Away,,,,Newcastle,,,,,,,Head-to-Head,,,,,,,,2026-2027,Brentford
2027-03-03,20:00,Premier League,Matchweek 28,Wed,Home,,,,Ipswich Town,,,,,,,Head-to-Head,,,,,,,,2026-2027,Brentford
2027-03-13,15:00,Premier League,Matchweek 29,Sat,Away,,,,Sunderland,,,,,,,Head-to-Head,,,,,,,,2026-2027,Brentford
2027-03-20,15:00,Premier League,Matchweek 30,Sat,Home,,,,Bournemouth,,,,,,,Head-to-Head,,,,,,,,2026-2027,Brentford
2027-04-10,15:00,Premier League,Matchweek 31,Sat,Away,,,,Tottenham,,,,,,,Head-to-Head,,,,,,,,2026-2027,Brentford
2027-04-17,15:00,Premier League,Matchweek 32,Sat,Home,,,,Leeds United,,,,,,,Head-to-Head,,,,,,,,2026-2027,Brentford
2027-04-24,15:00,Premier League,Matchweek 33,Sat,Home,,,,Fulham,,,,,,,Head-to-Head,,,,,,,,2026-2027,Brentford
2027-05-01,15:00,Premier League,Matchweek 34,Sat,Away,,,,Manchester City,,,,,,,Head-to-Head,,,,,,,,2026-2027,Brentford
2027-05-08,15:00,Premier League,Matchweek 35,Sat,Home,,,,Aston Villa,,,,,,,Head-to-Head,,,,,,,,2026-2027,Brentford
2027-05-15,15:00,Premier League,Matchweek 36,Sat,Away,,,,Liverpool,,,,,,,Head-to-Head,,,,,,,,2026-2027,Brentford
2027-05-23,15:00,Premier League,Matchweek 37,Sun,Home,,,,Hull City,,,,,,,Head-to-Head,,,,,,,,2026-2027,Brentford
2027-05-30,16:00,Premier League,Matchweek 38,Sun,Away,,,,Chelsea,,,,,,,Head-to-Head,,,,,,,,2026-2027,Brentford
2026-08-23,14:00,Premier League,Matchweek 1,Sun,Home,W,4.0,0.0,Aston Villa,73.0,31746.0,Lewis Dunk,4-2-3-1,4-2-3-1,Peter Bankes,Match Report,,21.0,6.0,,,0.0,0.0,2026-2027,Brighton & Hove Albion
2026-08-30,14:00,Premier League,Matchweek 2,Sun,Away,,,,Chelsea,,,,,,,Head-to-Head,,,,,,,,2026-2027,Brighton & Hove Albion
2026-09-05,15:00,Premier League,Matchweek 3,Sat,Home,,,,Leeds United,,,,,,,Head-to-Head,,,,,,,,2026-2027,Brighton & Hove Albion
2026-09-13,14:00,Premier League,Matchweek 4,Sun,Away,,,,Coventry City,,,,,,,Head-to-Head,,,,,,,,2026-2027,Brighton & Hove Albion
2026-09-19,15:00,Premier League,Matchweek 5,Sat,Home,,,,Arsenal,,,,,,,Head-to-Head,,,,,,,,2026-2027,Brighton & Hove Albion
2026-10-10,15:00,Premier League,Matchweek 6,Sat,Away,,,,Sunderland,,,,,,,Head-to-Head,,,,,,,,2026-2027,Brighton & Hove Albion
2026-10-18,14:00,Premier League,Matchweek 7,Sun,Home,,,,Crystal Palace,,,,,,,Head-to-Head,,,,,,,,2026-2027,Brighton & Hove Albion
2026-10-24,15:00,Premier League,Matchweek 8,Sat,Away,,,,Liverpool,,,,,,,Head-to-Head,,,,,,,,2026-2027,Brighton & Hove Albion
2026-10-31,15:00,Premier League,Matchweek 9,Sat,Away,,,,Manchester City,,,,,,,Head-to-Head,,,,,,,,2026-2027,Brighton & Hove Albion
2026-11-07,15:00,Premier League,Matchweek 10,Sat,Home,,,,Brentford,,,,,,,Head-to-Head,,,,,,,,2026-2027,Brighton & Hove Albion
2026-11-21,15:00,Premier League,Matchweek 11,Sat,Away,,,,Hull City,,,,,,,Head-to-Head,,,,,,,,2026-2027,Brighton & Hove Albion
2026-11-28,15:00,Premier League,Matchweek 12,Sat,Home,,,,Newcastle,,,,,,,Head-to-Head,,,,,,,,2026-2027,Brighton & Hove Albion
2026-12-02,20:00,Premier League,Matchweek 13,Wed,Away,,,,Bournemouth,,,,,,,Head-to-Head,,,,,,,,2026-2027,Brighton & Hove Albion
2026-12-05,15:00,Premier League,Matchweek 14,Sat,Away,,,,Nottingham,,,,,,,Head-to-Head,,,,,,,,2026-2027,Brighton & Hove Albion
2026-12-12,15:00,Premier League,Matchweek 15,Sat,Home,,,,Everton,,,,,,,Head-to-Head,,,,,,,,2026-2027,Brighton & Hove Albion
2026-12-19,15:00,Premier League,Matchweek 16,Sat,Home,,,,Ipswich Town,,,,,,,Head-to-Head,,,,,,,,2026-2027,Brighton & Hove Albion
2026-12-26,15:00,Premier League,Matchweek 17,Sat,Away,,,,Fulham,,,,,,,Head-to-Head,,,,,,,,2026-2027,Brighton & Hove Albion
2026-12-30,20:00,Premier League,Matchweek 18,Wed,Away,,,,Tottenham,,,,,,,Head-to-Head,,,,,,,,2026-2027,Brighton & Hove Albion
2027-01-02,15:00,Premier League,Matchweek 19,Sat,Home,,,,Manchester Utd,,,,,,,Head-to-Head,,,,,,,,2026-2027,Brighton & Hove Albion
2027-01-06,20:00,Premier League,Matchweek 20,Wed,Home,,,,Bournemouth,,,,,,,Head-to-Head,,,,,,,,2026-2027,Brighton & Hove Albion
2027-01-16,15:00,Premier League,Matchweek 21,Sat,Away,,,,Brentford,,,,,,,Head-to-Head,,,,,,,,2026-2027,Brighton & Hove Albion
2027-01-23,15:00,Premier League,Matchweek 22,Sat,Home,,,,Manchester City,,,,,,,Head-to-Head,,,,,,,,2026-2027,Brighton & Hove Albion
2027-01-30,15:00,Premier League,Matchweek 23,Sat,Away,,,,Newcastle,,,,,,,Head-to-Head,,,,,,,,2026-2027,Brighton & Hove Albion
2027-02-06,15:00,Premier League,Matchweek 24,Sat,Home,,,,Hull City,,,,,,,Head-to-Head,,,,,,,,2026-2027,Brighton & Hove Albion
2027-02-10,20:00,Premier League,Matchweek 25,Wed,Away,,,,Manchester Utd,,,,,,,Head-to-Head,,,,,,,,2026-2027,Brighton & Hove Albion
2027-02-20,15:00,Premier League,Matchweek 26,Sat,Home,,,,Tottenham,,,,,,,Head-to-Head,,,,,,,,2026-2027,Brighton & Hove Albion
2027-02-27,15:00,Premier League,Matchweek 27,Sat,Away,,,,Ipswich Town,,,,,,,Head-to-Head,,,,,,,,2026-2027,Brighton & Hove Albion
2027-03-03,20:00,Premier League,Matchweek 28,Wed,Home,,,,Fulham,,,,,,,Head-to-Head,,,,,,,,2026-2027,Brighton & Hove Albion
2027-03-13,15:00,Premier League,Matchweek 29,Sat,Away,,,,Leeds United,,,,,,,Head-to-Head,,,,,,,,2026-2027,Brighton & Hove Albion
2027-03-20,15:00,Premier League,Matchweek 30,Sat,Home,,,,Coventry City,,,,,,,Head-to-Head,,,,,,,,2026-2027,Brighton & Hove Albion
2027-04-10,15:00,Premier League,Matchweek 31,Sat,Away,,,,Aston Villa,,,,,,,Head-to-Head,,,,,,,,2026-2027,Brighton & Hove Albion
2027-04-17,15:00,Premier League,Matchweek 32,Sat,Home,,,,Chelsea,,,,,,,Head-to-Head,,,,,,,,2026-2027,Brighton & Hove Albion
2027-04-24,15:00,Premier League,Matchweek 33,Sat,Away,,,,Everton,,,,,,,Head-to-Head,,,,,,,,2026-2027,Brighton & Hove Albion
2027-05-01,15:00,Premier League,Matchweek 34,Sat,Home,,,,Nottingham,,,,,,,Head-to-Head,,,,,,,,2026-2027,Brighton & Hove Albion
2027-05-08,15:00,Premier League,Matchweek 35,Sat,Home,,,,Sunderland,,,,,,,Head-to-Head,,,,,,,,2026-2027,Brighton & Hove Albion
2027-05-15,15:00,Premier League,Matchweek 36,Sat,Away,,,,Crystal Palace,,,,,,,Head-to-Head,,,,,,,,2026-2027,Brighton & Hove Albion
2027-05-23,15:00,Premier League,Matchweek 37,Sun,Home,,,,Liverpool,,,,,,,Head-to-Head,,,,,,,,2026-2027,Brighton & Hove Albion
2027-05-30,16:00,Premier League,Matchweek 38,Sun,Away,,,,Arsenal,,,,,,,Head-to-Head,,,,,,,,2026-2027,Brighton & Hove Albion
2026-08-24,20:00,Premier League,Matchweek 1,Mon,Away,W,3.0,2.0,Fulham,38.0,27461.0,Reece James,3-4-3,4-2-3-1,John Brooks,Match Report,,18.0,6.0,,,0.0,0.0,2026-2027,Chelsea
2026-08-30,14:00,Premier League,Matchweek 2,Sun,Home,,,,Brighton,,,,,,,Head-to-Head,,,,,,,,2026-2027,Chelsea
2026-09-06,16:30,Premier League,Matchweek 3,Sun,Away,,,,Arsenal,,,,,,,Head-to-Head,,,,,,,,2026-2027,Chelsea
2026-09-12,15:00,Premier League,Matchweek 4,Sat,Home,,,,Hull City,,,,,,,Head-to-Head,,,,,,,,2026-2027,Chelsea
2026-09-18,20:00,Premier League,Matchweek 5,Fri,Away,,,,Brentford,,,,,,,Head-to-Head,,,,,,,,2026-2027,Chelsea
2026-10-10,15:00,Premier League,Matchweek 6,Sat,Home,,,,Bournemouth,,,,,,,Head-to-Head,,,,,,,,2026-2027,Chelsea
2026-10-17,12:30,Premier League,Matchweek 7,Sat,Away,,,,Everton,,,,,,,Head-to-Head,,,,,,,,2026-2027,Chelsea
2026-10-24,17:30,Premier League,Matchweek 8,Sat,Home,,,,Tottenham,,,,,,,Head-to-Head,,,,,,,,2026-2027,Chelsea
2026-10-31,12:30,Premier League,Matchweek 9,Sat,Home,,,,Manchester Utd,,,,,,,Head-to-Head,,,,,,,,2026-2027,Chelsea
2026-11-07,15:00,Premier League,Matchweek 10,Sat,Away,,,,Sunderland,,,,,,,Head-to-Head,,,,,,,,2026-2027,Chelsea
2026-11-21,15:00,Premier League,Matchweek 11,Sat,Home,,,,Leeds United,,,,,,,Head-to-Head,,,,,,,,2026-2027,Chelsea
2026-11-28,15:00,Premier League,Matchweek 12,Sat,Away,,,,Nottingham,,,,,,,Head-to-Head,,,,,,,,2026-2027,Chelsea
2026-12-02,20:00,Premier League,Matchweek 13,Wed,Home,,,,Crystal Palace,,,,,,,Head-to-Head,,,,,,,,2026-2027,Chelsea
2026-12-05,15:00,Premier League,Matchweek 14,Sat,Home,,,,Liverpool,,,,,,,Head-to-Head,,,,,,,,2026-2027,Chelsea
2026-12-12,15:00,Premier League,Matchweek 15,Sat,Away,,,,Manchester City,,,,,,,Head-to-Head,,,,,,,,2026-2027,Chelsea
2026-12-19,15:00,Premier League,Matchweek 16,Sat,Home,,,,Aston Villa,,,,,,,Head-to-Head,,,,,,,,2026-2027,Chelsea
2026-12-26,15:00,Premier League,Matchweek 17,Sat,Away,,,,Coventry City,,,,,,,Head-to-Head,,,,,,,,2026-2027,Chelsea
2026-12-30,20:00,Premier League,Matchweek 18,Wed,Away,,,,Ipswich Town,,,,,,,Head-to-Head,,,,,,,,2026-2027,Chelsea
2027-01-02,15:00,Premier League,Matchweek 19,Sat,Home,,,,Newcastle,,,,,,,Head-to-Head,,,,,,,,2026-2027,Chelsea
2027-01-06,20:00,Premier League,Matchweek 20,Wed,Away,,,,Crystal Palace,,,,,,,Head-to-Head,,,,,,,,2026-2027,Chelsea
2027-01-16,15:00,Premier League,Matchweek 21,Sat,Home,,,,Sunderland,,,,,,,Head-to-Head,,,,,,,,2026-2027,Chelsea
2027-01-23,15:00,Premier League,Matchweek 22,Sat,Away,,,,Leeds United,,,,,,,Head-to-Head,,,,,,,,2026-2027,Chelsea
2027-01-30,15:00,Premier League,Matchweek 23,Sat,Home,,,,Nottingham,,,,,,,Head-to-Head,,,,,,,,2026-2027,Chelsea
2027-02-06,15:00,Premier League,Matchweek 24,Sat,Away,,,,Manchester Utd,,,,,,,Head-to-Head,,,,,,,,2026-2027,Chelsea
2027-02-10,20:00,Premier League,Matchweek 25,Wed,Away,,,,Newcastle,,,,,,,Head-to-Head,,,,,,,,2026-2027,Chelsea
2027-02-20,15:00,Premier League,Matchweek 26,Sat,Home,,,,Ipswich Town,,,,,,,Head-to-Head,,,,,,,,2026-2027,Chelsea
2027-02-27,15:00,Premier League,Matchweek 27,Sat,Away,,,,Aston Villa,,,,,,,Head-to-Head,,,,,,,,2026-2027,Chelsea
2027-03-03,20:00,Premier League,Matchweek 28,Wed,Home,,,,Coventry City,,,,,,,Head-to-Head,,,,,,,,2026-2027,Chelsea
2027-03-13,15:00,Premier League,Matchweek 29,Sat,Home,,,,Arsenal,,,,,,,Head-to-Head,,,,,,,,2026-2027,Chelsea
2027-03-20,15:00,Premier League,Matchweek 30,Sat,Away,,,,Hull City,,,,,,,Head-to-Head,,,,,,,,2026-2027,Chelsea
2027-04-10,15:00,Premier League,Matchweek 31,Sat,Home,,,,Fulham,,,,,,,Head-to-Head,,,,,,,,2026-2027,Chelsea
2027-04-17,15:00,Premier League,Matchweek 32,Sat,Away,,,,Brighton,,,,,,,Head-to-Head,,,,,,,,2026-2027,Chelsea
2027-04-24,15:00,Premier League,Matchweek 33,Sat,Home,,,,Manchester City,,,,,,,Head-to-Head,,,,,,,,2026-2027,Chelsea
2027-05-01,15:00,Premier League,Matchweek 34,Sat,Away,,,,Liverpool,,,,,,,Head-to-Head,,,,,,,,2026-2027,Chelsea
2027-05-08,15:00,Premier League,Matchweek 35,Sat,Away,,,,Tottenham,,,,,,,Head-to-Head,,,,,,,,2026-2027,Chelsea
2027-05-15,15:00,Premier League,Matchweek 36,Sat,Home,,,,Everton,,,,,,,Head-to-Head,,,,,,,,2026-2027,Chelsea
2027-05-23,15:00,Premier League,Matchweek 37,Sun,Away,,,,Bournemouth,,,,,,,Head-to-Head,,,,,,,,2026-2027,Chelsea
2027-05-30,16:00,Premier League,Matchweek 38,Sun,Home,,,,Brentford,,,,,,,Head-to-Head,,,,,,,,2026-2027,Chelsea
2026-08-21,20:00,Premier League,Matchweek 1,Fri,Away,L,0.0,3.0,Arsenal,36.0,60098.0,Matt Grimes,4-1-4-1,4-2-3-1,Thomas Bramall,Match Report,,4.0,1.0,,,0.0,0.0,2026-2027,Coventry City
2026-08-29,15:00,Premier League,Matchweek 2,Sat,Home,,,,Hull City,,,,,,,Head-to-Head,,,,,,,,2026-2027,Coventry City
2026-09-05,15:00,Premier League,Matchweek 3,Sat,Away,,,,Manchester City,,,,,,,Head-to-Head,,,,,,,,2026-2027,Coventry City
2026-09-13,14:00,Premier League,Matchweek 4,Sun,Home,,,,Brighton,,,,,,,Head-to-Head,,,,,,,,2026-2027,Coventry City
2026-09-19,17:30,Premier League,Matchweek 5,Sat,Away,,,,Nottingham,,,,,,,Head-to-Head,,,,,,,,2026-2027,Coventry City
2026-10-12,20:00,Premier League,Matchweek 6,Mon,Home,,,,Newcastle,,,,,,,Head-to-Head,,,,,,,,2026-2027,Coventry City
2026-10-19,20:00,Premier League,Matchweek 7,Mon,Away,,,,Tottenham,,,,,,,Head-to-Head,,,,,,,,2026-2027,Coventry City
2026-10-24,15:00,Premier League,Matchweek 8,Sat,Home,,,,Fulham,,,,,,,Head-to-Head,,,,,,,,2026-2027,Coventry City
2026-10-31,15:00,Premier League,Matchweek 9,Sat,Home,,,,Sunderland,,,,,,,Head-to-Head,,,,,,,,2026-2027,Coventry City
2026-11-07,15:00,Premier League,Matchweek 10,Sat,Away,,,,Everton,,,,,,,Head-to-Head,,,,,,,,2026-2027,Coventry City
2026-11-21,15:00,Premier League,Matchweek 11,Sat,Home,,,,Crystal Palace,,,,,,,Head-to-Head,,,,,,,,2026-2027,Coventry City
2026-11-28,15:00,Premier League,Matchweek 12,Sat,Away,,,,Leeds United,,,,,,,Head-to-Head,,,,,,,,2026-2027,Coventry City
2026-12-02,20:00,Premier League,Matchweek 13,Wed,Home,,,,Ipswich Town,,,,,,,Head-to-Head,,,,,,,,2026-2027,Coventry City
2026-12-05,15:00,Premier League,Matchweek 14,Sat,Away,,,,Manchester Utd,,,,,,,Head-to-Head,,,,,,,,2026-2027,Coventry City
2026-12-12,15:00,Premier League,Matchweek 15,Sat,Home,,,,Aston Villa,,,,,,,Head-to-Head,,,,,,,,2026-2027,Coventry City
2026-12-19,15:00,Premier League,Matchweek 16,Sat,Away,,,,Bournemouth,,,,,,,Head-to-Head,,,,,,,,2026-2027,Coventry City
2026-12-26,15:00,Premier League,Matchweek 17,Sat,Home,,,,Chelsea,,,,,,,Head-to-Head,,,,,,,,2026-2027,Coventry City
2026-12-30,20:00,Premier League,Matchweek 18,Wed,Home,,,,Brentford,,,,,,,Head-to-Head,,,,,,,,2026-2027,Coventry City
2027-01-02,15:00,Premier League,Matchweek 19,Sat,Away,,,,Liverpool,,,,,,,Head-to-Head,,,,,,,,2026-2027,Coventry City
2027-01-06,20:00,Premier League,Matchweek 20,Wed,Away,,,,Ipswich Town,,,,,,,Head-to-Head,,,,,,,,2026-2027,Coventry City
2027-01-16,15:00,Premier League,Matchweek 21,Sat,Home,,,,Everton,,,,,,,Head-to-Head,,,,,,,,2026-2027,Coventry City
2027-01-23,15:00,Premier League,Matchweek 22,Sat,Away,,,,Sunderland,,,,,,,Head-to-Head,,,,,,,,2026-2027,Coventry City
2027-01-30,15:00,Premier League,Matchweek 23,Sat,Home,,,,Leeds United,,,,,,,Head-to-Head,,,,,,,,2026-2027,Coventry City
2027-02-06,15:00,Premier League,Matchweek 24,Sat,Away,,,,Crystal Palace,,,,,,,Head-to-Head,,,,,,,,2026-2027,Coventry City
2027-02-10,20:00,Premier League,Matchweek 25,Wed,Home,,,,Liverpool,,,,,,,Head-to-Head,,,,,,,,2026-2027,Coventry City
2027-02-20,15:00,Premier League,Matchweek 26,Sat,Away,,,,Brentford,,,,,,,Head-to-Head,,,,,,,,2026-2027,Coventry City
2027-02-27,15:00,Premier League,Matchweek 27,Sat,Home,,,,Bournemouth,,,,,,,Head-to-Head,,,,,,,,2026-2027,Coventry City
2027-03-03,20:00,Premier League,Matchweek 28,Wed,Away,,,,Chelsea,,,,,,,Head-to-Head,,,,,,,,2026-2027,Coventry City
2027-03-13,15:00,Premier League,Matchweek 29,Sat,Home,,,,Manchester City,,,,,,,Head-to-Head,,,,,,,,2026-2027,Coventry City
2027-03-20,15:00,Premier League,Matchweek 30,Sat,Away,,,,Brighton,,,,,,,Head-to-Head,,,,,,,,2026-2027,Coventry City
2027-04-10,15:00,Premier League,Matchweek 31,Sat,Home,,,,Arsenal,,,,,,,Head-to-Head,,,,,,,,2026-2027,Coventry City
2027-04-17,15:00,Premier League,Matchweek 32,Sat,Away,,,,Hull City,,,,,,,Head-to-Head,,,,,,,,2026-2027,Coventry City
2027-04-24,15:00,Premier League,Matchweek 33,Sat,Away,,,,Aston Villa,,,,,,,Head-to-Head,,,,,,,,2026-2027,Coventry City
2027-05-01,15:00,Premier League,Matchweek 34,Sat,Home,,,,Manchester Utd,,,,,,,Head-to-Head,,,,,,,,2026-2027,Coventry City
2027-05-08,15:00,Premier League,Matchweek 35,Sat,Away,,,,Newcastle,,,,,,,Head-to-Head,,,,,,,,2026-2027,Coventry City
2027-05-15,15:00,Premier League,Matchweek 36,Sat,Home,,,,Tottenham,,,,,,,Head-to-Head,,,,,,,,2026-2027,Coventry City
2027-05-23,15:00,Premier League,Matchweek 37,Sun,Away,,,,Fulham,,,,,,,Head-to-Head,,,,,,,,2026-2027,Coventry City
2027-05-30,16:00,Premier League,Matchweek 38,Sun,Home,,,,Nottingham,,,,,,,Head-to-Head,,,,,,,,2026-2027,Coventry City
2026-08-22,15:00,Premier League,Matchweek 1,Sat,Away,L,0.0,2.0,Everton,58.0,51820.0,Dean Henderson,3-4-3,4-2-3-1,Paul Tierney,Match Report,,11.0,4.0,,,0.0,0.0,2026-2027,Crystal Palace
2026-08-28,20:00,Premier League,Matchweek 2,Fri,Home,,,,Manchester City,,,,,,,Head-to-Head,,,,,,,,2026-2027,Crystal Palace
2026-09-05,15:00,Premier League,Matchweek 3,Sat,Away,,,,Fulham,,,,,,,Head-to-Head,,,,,,,,2026-2027,Crystal Palace
2026-09-12,15:00,Premier League,Matchweek 4,Sat,Home,,,,Ipswich Town,,,,,,,Head-to-Head,,,,,,,,2026-2027,Crystal Palace
2026-09-19,15:00,Premier League,Matchweek 5,Sat,Away,,,,Leeds United,,,,,,,Head-to-Head,,,,,,,,2026-2027,Crystal Palace
2026-10-11,14:00,Premier League,Matchweek 6,Sun,Home,,,,Nottingham,,,,,,,Head-to-Head,,,,,,,,2026-2027,Crystal Palace
2026-10-18,14:00,Premier League,Matchweek 7,Sun,Away,,,,Brighton,,,,,,,Head-to-Head,,,,,,,,2026-2027,Crystal Palace
2026-10-25,14:00,Premier League,Matchweek 8,Sun,Home,,,,Newcastle,,,,,,,Head-to-Head,,,,,,,,2026-2027,Crystal Palace
2026-10-31,17:30,Premier League,Matchweek 9,Sat,Away,,,,Tottenham,,,,,,,Head-to-Head,,,,,,,,2026-2027,Crystal Palace
2026-11-07,15:00,Premier League,Matchweek 10,Sat,Home,,,,Liverpool,,,,,,,Head-to-Head,,,,,,,,2026-2027,Crystal Palace
2026-11-21,15:00,Premier League,Matchweek 11,Sat,Away,,,,Coventry City,,,,,,,Head-to-Head,,,,,,,,2026-2027,Crystal Palace
2026-11-28,15:00,Premier League,Matchweek 12,Sat,Home,,,,Hull City,,,,,,,Head-to-Head,,,,,,,,2026-2027,Crystal Palace
2026-12-02,20:00,Premier League,Matchweek 13,Wed,Away,,,,Chelsea,,,,,,,Head-to-Head,,,,,,,,2026-2027,Crystal Palace
2026-12-05,15:00,Premier League,Matchweek 14,Sat,Away,,,,Aston Villa,,,,,,,Head-to-Head,,,,,,,,2026-2027,Crystal Palace
2026-12-12,15:00,Premier League,Matchweek 15,Sat,Home,,,,Manchester Utd,,,,,,,Head-to-Head,,,,,,,,2026-2027,Crystal Palace
2026-12-19,15:00,Premier League,Matchweek 16,Sat,Away,,,,Sunderland,,,,,,,Head-to-Head,,,,,,,,2026-2027,Crystal Palace
2026-12-26,15:00,Premier League,Matchweek 17,Sat,Home,,,,Arsenal,,,,,,,Head-to-Head,,,,,,,,2026-2027,Crystal Palace
2026-12-30,20:00,Premier League,Matchweek 18,Wed,Home,,,,Bournemouth,,,,,,,Head-to-Head,,,,,,,,2026-2027,Crystal Palace
2027-01-02,15:00,Premier League,Matchweek 19,Sat,Away,,,,Brentford,,,,,,,Head-to-Head,,,,,,,,2026-2027,Crystal Palace
2027-01-06,20:00,Premier League,Matchweek 20,Wed,Home,,,,Chelsea,,,,,,,Head-to-Head,,,,,,,,2026-2027,Crystal Palace
2027-01-16,15:00,Premier League,Matchweek 21,Sat,Away,,,,Liverpool,,,,,,,Head-to-Head,,,,,,,,2026-2027,Crystal Palace
2027-01-23,15:00,Premier League,Matchweek 22,Sat,Home,,,,Tottenham,,,,,,,Head-to-Head,,,,,,,,2026-2027,Crystal Palace
2027-01-30,15:00,Premier League,Matchweek 23,Sat,Away,,,,Hull City,,,,,,,Head-to-Head,,,,,,,,2026-2027,Crystal Palace
2027-02-06,15:00,Premier League,Matchweek 24,Sat,Home,,,,Coventry City,,,,,,,Head-to-Head,,,,,,,,2026-2027,Crystal Palace
2027-02-10,20:00,Premier League,Matchweek 25,Wed,Home,,,,Brentford,,,,,,,Head-to-Head,,,,,,,,2026-2027,Crystal Palace
2027-02-20,15:00,Premier League,Matchweek 26,Sat,Away,,,,Bournemouth,,,,,,,Head-to-Head,,,,,,,,2026-2027,Crystal Palace
2027-02-27,15:00,Premier League,Matchweek 27,Sat,Home,,,,Sunderland,,,,,,,Head-to-Head,,,,,,,,2026-2027,Crystal Palace
2027-03-03,20:00,Premier League,Matchweek 28,Wed,Away,,,,Arsenal,,,,,,,Head-to-Head,,,,,,,,2026-2027,Crystal Palace
2027-03-13,15:00,Premier League,Matchweek 29,Sat,Home,,,,Fulham,,,,,,,Head-to-Head,,,,,,,,2026-2027,Crystal Palace
2027-03-20,15:00,Premier League,Matchweek 30,Sat,Away,,,,Ipswich Town,,,,,,,Head-to-Head,,,,,,,,2026-2027,Crystal Palace
2027-04-10,15:00,Premier League,Matchweek 31,Sat,Home,,,,Everton,,,,,,,Head-to-Head,,,,,,,,2026-2027,Crystal Palace
2027-04-17,15:00,Premier League,Matchweek 32,Sat,Away,,,,Manchester City,,,,,,,Head-to-Head,,,,,,,,2026-2027,Crystal Palace
2027-04-24,15:00,Premier League,Matchweek 33,Sat,Away,,,,Manchester Utd,,,,,,,Head-to-Head,,,,,,,,2026-2027,Crystal Palace
2027-05-01,15:00,Premier League,Matchweek 34,Sat,Home,,,,Aston Villa,,,,,,,Head-to-Head,,,,,,,,2026-2027,Crystal Palace
2027-05-08,15:00,Premier League,Matchweek 35,Sat,Away,,,,Nottingham,,,,,,,Head-to-Head,,,,,,,,2026-2027,Crystal Palace
2027-05-15,15:00,Premier League,Matchweek 36,Sat,Home,,,,Brighton,,,,,,,Head-to-Head,,,,,,,,2026-2027,Crystal Palace
2027-05-23,15:00,Premier League,Matchweek 37,Sun,Away,,,,Newcastle,,,,,,,Head-to-Head,,,,,,,,2026-2027,Crystal Palace
2027-05-30,16:00,Premier League,Matchweek 38,Sun,Home,,,,Leeds United,,,,,,,Head-to-Head,,,,,,,,2026-2027,Crystal Palace
2026-08-22,15:00,Premier League,Matchweek 1,Sat,Home,W,2.0,0.0,Crystal Palace,42.0,51820.0,James Tarkowski,4-2-3-1,3-4-3,Paul Tierney,Match Report,,16.0,5.0,,,0.0,0.0,2026-2027,Everton
2026-08-29,15:00,Premier League,Matchweek 2,Sat,Away,,,,Bournemouth,,,,,,,Head-to-Head,,,,,,,,2026-2027,Everton
2026-09-06,14:00,Premier League,Matchweek 3,Sun,Home,,,,Manchester Utd,,,,,,,Head-to-Head,,,,,,,,2026-2027,Everton
2026-09-12,17:30,Premier League,Matchweek 4,Sat,Away,,,,Tottenham,,,,,,,Head-to-Head,,,,,,,,2026-2027,Everton
2026-09-19,15:00,Premier League,Matchweek 5,Sat,Home,,,,Ipswich Town,,,,,,,Head-to-Head,,,,,,,,2026-2027,Everton
2026-10-11,14:00,Premier League,Matchweek 6,Sun,Away,,,,Hull City,,,,,,,Head-to-Head,,,,,,,,2026-2027,Everton
2026-10-17,12:30,Premier League,Matchweek 7,Sat,Home,,,,Chelsea,,,,,,,Head-to-Head,,,,,,,,2026-2027,Everton
2026-10-24,15:00,Premier League,Matchweek 8,Sat,Away,,,,Arsenal,,,,,,,Head-to-Head,,,,,,,,2026-2027,Everton
2026-11-02,20:00,Premier League,Matchweek 9,Mon,Away,,,,Newcastle,,,,,,,Head-to-Head,,,,,,,,2026-2027,Everton
2026-11-07,15:00,Premier League,Matchweek 10,Sat,Home,,,,Coventry City,,,,,,,Head-to-Head,,,,,,,,2026-2027,Everton
2026-11-21,15:00,Premier League,Matchweek 11,Sat,Away,,,,Brentford,,,,,,,Head-to-Head,,,,,,,,2026-2027,Everton
2026-11-28,15:00,Premier League,Matchweek 12,Sat,Home,,,,Liverpool,,,,,,,Head-to-Head,,,,,,,,2026-2027,Everton
2026-12-02,20:00,Premier League,Matchweek 13,Wed,Away,,,,Aston Villa,,,,,,,Head-to-Head,,,,,,,,2026-2027,Everton
2026-12-05,15:00,Premier League,Matchweek 14,Sat,Home,,,,Fulham,,,,,,,Head-to-Head,,,,,,,,2026-2027,Everton
2026-12-12,15:00,Premier League,Matchweek 15,Sat,Away,,,,Brighton,,,,,,,Head-to-Head,,,,,,,,2026-2027,Everton
2026-12-19,15:00,Premier League,Matchweek 16,Sat,Away,,,,Nottingham,,,,,,,Head-to-Head,,,,,,,,2026-2027,Everton
2026-12-26,15:00,Premier League,Matchweek 17,Sat,Home,,,,Sunderland,,,,,,,Head-to-Head,,,,,,,,2026-2027,Everton
2026-12-30,20:00,Premier League,Matchweek 18,Wed,Home,,,,Manchester City,,,,,,,Head-to-Head,,,,,,,,2026-2027,Everton
2027-01-02,15:00,Premier League,Matchweek 19,Sat,Away,,,,Leeds United,,,,,,,Head-to-Head,,,,,,,,2026-2027,Everton
2027-01-06,20:00,Premier League,Matchweek 20,Wed,Home,,,,Aston Villa,,,,,,,Head-to-Head,,,,,,,,2026-2027,Everton
2027-01-16,15:00,Premier League,Matchweek 21,Sat,Away,,,,Coventry City,,,,,,,Head-to-Head,,,,,,,,2026-2027,Everton
2027-01-23,15:00,Premier League,Matchweek 22,Sat,Home,,,,Brentford,,,,,,,Head-to-Head,,,,,,,,2026-2027,Everton
2027-01-30,15:00,Premier League,Matchweek 23,Sat,Away,,,,Liverpool,,,,,,,Head-to-Head,,,,,,,,2026-2027,Everton
2027-02-06,15:00,Premier League,Matchweek 24,Sat,Home,,,,Newcastle,,,,,,,Head-to-Head,,,,,,,,2026-2027,Everton
2027-02-10,20:00,Premier League,Matchweek 25,Wed,Home,,,,Leeds United,,,,,,,Head-to-Head,,,,,,,,2026-2027,Everton
2027-02-20,15:00,Premier League,Matchweek 26,Sat,Away,,,,Sunderland,,,,,,,Head-to-Head,,,,,,,,2026-2027,Everton
2027-02-27,15:00,Premier League,Matchweek 27,Sat,Home,,,,Nottingham,,,,,,,Head-to-Head,,,,,,,,2026-2027,Everton
2027-03-03,20:00,Premier League,Matchweek 28,Wed,Away,,,,Manchester City,,,,,,,Head-to-Head,,,,,,,,2026-2027,Everton
2027-03-13,15:00,Premier League,Matchweek 29,Sat,Away,,,,Manchester Utd,,,,,,,Head-to-Head,,,,,,,,2026-2027,Everton
2027-03-20,15:00,Premier League,Matchweek 30,Sat,Home,,,,Tottenham,,,,,,,Head-to-Head,,,,,,,,2026-2027,Everton
2027-04-10,15:00,Premier League,Matchweek 31,Sat,Away,,,,Crystal Palace,,,,,,,Head-to-Head,,,,,,,,2026-2027,Everton
2027-04-17,15:00,Premier League,Matchweek 32,Sat,Home,,,,Bournemouth,,,,,,,Head-to-Head,,,,,,,,2026-2027,Everton
2027-04-24,15:00,Premier League,Matchweek 33,Sat,Home,,,,Brighton,,,,,,,Head-to-Head,,,,,,,,2026-2027,Everton
2027-05-01,15:00,Premier League,Matchweek 34,Sat,Away,,,,Fulham,,,,,,,Head-to-Head,,,,,,,,2026-2027,Everton
2027-05-08,15:00,Premier League,Matchweek 35,Sat,Home,,,,Hull City,,,,,,,Head-to-Head,,,,,,,,2026-2027,Everton
2027-05-15,15:00,Premier League,Matchweek 36,Sat,Away,,,,Chelsea,,,,,,,Head-to-Head,,,,,,,,2026-2027,Everton
2027-05-23,15:00,Premier League,Matchweek 37,Sun,Home,,,,Arsenal,,,,,,,Head-to-Head,,,,,,,,2026-2027,Everton
2027-05-30,16:00,Premier League,Matchweek 38,Sun,Away,,,,Ipswich Town,,,,,,,Head-to-Head,,,,,,,,2026-2027,Everton
2026-08-24,20:00,Premier League,Matchweek 1,Mon,Home,L,2.0,3.0,Chelsea,62.0,27461.0,Calvin Bassey,4-2-3-1,3-4-3,John Brooks,Match Report,,14.0,6.0,,,0.0,0.0,2026-2027,Fulham
2026-08-30,14:00,Premier League,Matchweek 2,Sun,Away,,,,Sunderland,,,,,,,Head-to-Head,,,,,,,,2026-2027,Fulham
2026-09-05,15:00,Premier League,Matchweek 3,Sat,Home,,,,Crystal Palace,,,,,,,Head-to-Head,,,,,,,,2026-2027,Fulham
2026-09-12,15:00,Premier League,Matchweek 4,Sat,Away,,,,Liverpool,,,,,,,Head-to-Head,,,,,,,,2026-2027,Fulham
2026-09-20,16:30,Premier League,Matchweek 5,Sun,Home,,,,Manchester Utd,,,,,,,Head-to-Head,,,,,,,,2026-2027,Fulham
2026-10-10,15:00,Premier League,Matchweek 6,Sat,Away,,,,Ipswich Town,,,,,,,Head-to-Head,,,,,,,,2026-2027,Fulham
2026-10-17,15:00,Premier League,Matchweek 7,Sat,Home,,,,Hull City,,,,,,,Head-to-Head,,,,,,,,2026-2027,Fulham
2026-10-24,15:00,Premier League,Matchweek 8,Sat,Away,,,,Coventry City,,,,,,,Head-to-Head,,,,,,,,2026-2027,Fulham
2026-11-01,14:00,Premier League,Matchweek 9,Sun,Away,,,,Aston Villa,,,,,,,Head-to-Head,,,,,,,,2026-2027,Fulham
2026-11-07,15:00,Premier League,Matchweek 10,Sat,Home,,,,Newcastle,,,,,,,Head-to-Head,,,,,,,,2026-2027,Fulham
2026-11-21,15:00,Premier League,Matchweek 11,Sat,Away,,,,Manchester City,,,,,,,Head-to-Head,,,,,,,,2026-2027,Fulham
2026-11-28,15:00,Premier League,Matchweek 12,Sat,Home,,,,Bournemouth,,,,,,,Head-to-Head,,,,,,,,2026-2027,Fulham
2026-12-02,20:00,Premier League,Matchweek 13,Wed,Away,,,,Tottenham,,,,,,,Head-to-Head,,,,,,,,2026-2027,Fulham
2026-12-05,15:00,Premier League,Matchweek 14,Sat,Away,,,,Everton,,,,,,,Head-to-Head,,,,,,,,2026-2027,Fulham
2026-12-12,15:00,Premier League,Matchweek 15,Sat,Home,,,,Brentford,,,,,,,Head-to-Head,,,,,,,,2026-2027,Fulham
2026-12-19,15:00,Premier League,Matchweek 16,Sat,Away,,,,Leeds United,,,,,,,Head-to-Head,,,,,,,,2026-2027,Fulham
2026-12-26,15:00,Premier League,Matchweek 17,Sat,Home,,,,Brighton,,,,,,,Head-to-Head,,,,,,,,2026-2027,Fulham
2026-12-30,20:00,Premier League,Matchweek 18,Wed,Home,,,,Arsenal,,,,,,,Head-to-Head,,,,,,,,2026-2027,Fulham
2027-01-02,15:00,Premier League,Matchweek 19,Sat,Away,,,,Nottingham,,,,,,,Head-to-Head,,,,,,,,2026-2027,Fulham
2027-01-06,20:00,Premier League,Matchweek 20,Wed,Home,,,,Tottenham,,,,,,,Head-to-Head,,,,,,,,2026-2027,Fulham
2027-01-16,15:00,Premier League,Matchweek 21,Sat,Away,,,,Newcastle,,,,,,,Head-to-Head,,,,,,,,2026-2027,Fulham
2027-01-23,15:00,Premier League,Matchweek 22,Sat,Home,,,,Aston Villa,,,,,,,Head-to-Head,,,,,,,,2026-2027,Fulham
2027-01-30,15:00,Premier League,Matchweek 23,Sat,Away,,,,Bournemouth,,,,,,,Head-to-Head,,,,,,,,2026-2027,Fulham
2027-02-06,15:00,Premier League,Matchweek 24,Sat,Home,,,,Manchester City,,,,,,,Head-to-Head,,,,,,,,2026-2027,Fulham
2027-02-10,20:00,Premier League,Matchweek 25,Wed,Home,,,,Nottingham,,,,,,,Head-to-Head,,,,,,,,2026-2027,Fulham
2027-02-20,15:00,Premier League,Matchweek 26,Sat,Away,,,,Arsenal,,,,,,,Head-to-Head,,,,,,,,2026-2027,Fulham
2027-02-27,15:00,Premier League,Matchweek 27,Sat,Home,,,,Leeds United,,,,,,,Head-to-Head,,,,,,,,2026-2027,Fulham
2027-03-03,20:00,Premier League,Matchweek 28,Wed,Away,,,,Brighton,,,,,,,Head-to-Head,,,,,,,,2026-2027,Fulham
2027-03-13,15:00,Premier League,Matchweek 29,Sat,Away,,,,Crystal Palace,,,,,,,Head-to-Head,,,,,,,,2026-2027,Fulham
2027-03-20,15:00,Premier League,Matchweek 30,Sat,Home,,,,Liverpool,,,,,,,Head-to-Head,,,,,,,,2026-2027,Fulham
2027-04-10,15:00,Premier League,Matchweek 31,Sat,Away,,,,Chelsea,,,,,,,Head-to-Head,,,,,,,,2026-2027,Fulham
2027-04-17,15:00,Premier League,Matchweek 32,Sat,Home,,,,Sunderland,,,,,,,Head-to-Head,,,,,,,,2026-2027,Fulham
2027-04-24,15:00,Premier League,Matchweek 33,Sat,Away,,,,Brentford,,,,,,,Head-to-Head,,,,,,,,2026-2027,Fulham
2027-05-01,15:00,Premier League,Matchweek 34,Sat,Home,,,,Everton,,,,,,,Head-to-Head,,,,,,,,2026-2027,Fulham
2027-05-08,15:00,Premier League,Matchweek 35,Sat,Home,,,,Ipswich Town,,,,,,,Head-to-Head,,,,,,,,2026-2027,Fulham
2027-05-15,15:00,Premier League,Matchweek 36,Sat,Away,,,,Hull City,,,,,,,Head-to-Head,,,,,,,,2026-2027,Fulham
2027-05-23,15:00,Premier League,Matchweek 37,Sun,Home,,,,Coventry City,,,,,,,Head-to-Head,,,,,,,,2026-2027,Fulham
2027-05-30,16:00,Premier League,Matchweek 38,Sun,Away,,,,Manchester Utd,,,,,,,Head-to-Head,,,,,,,,2026-2027,Fulham
2026-08-22,12:30,Premier League,Matchweek 1,Sat,Home,W,2,0,Manchester Utd,28.0,24470.0,Lewie Coyle,5-4-1,4-2-3-1,Darren England,Match Report,,8.0,4.0,,,0.0,0.0,2026-2027,Hull City
2026-08-29,15:00,Premier League,Matchweek 2,Sat,Away,,,,Coventry City,,,,,,,Head-to-Head,,,,,,,,2026-2027,Hull City
2026-09-05,17:30,Premier League,Matchweek 3,Sat,Home,,,,Aston Villa,,,,,,,Head-to-Head,,,,,,,,2026-2027,Hull City
2026-09-12,15:00,Premier League,Matchweek 4,Sat,Away,,,,Chelsea,,,,,,,Head-to-Head,,,,,,,,2026-2027,Hull City
2026-09-19,15:00,Premier League,Matchweek 5,Sat,Away,,,,Newcastle,,,,,,,Head-to-Head,,,,,,,,2026-2027,Hull City
2026-10-11,14:00,Premier League,Matchweek 6,Sun,Home,,,,Everton,,,,,,,Head-to-Head,,,,,,,,2026-2027,Hull City
2026-10-17,15:00,Premier League,Matchweek 7,Sat,Away,,,,Fulham,,,,,,,Head-to-Head,,,,,,,,2026-2027,Hull City
2026-10-25,14:00,Premier League,Matchweek 8,Sun,Home,,,,Brentford,,,,,,,Head-to-Head,,,,,,,,2026-2027,Hull City
2026-10-31,15:00,Premier League,Matchweek 9,Sat,Home,,,,Ipswich Town,,,,,,,Head-to-Head,,,,,,,,2026-2027,Hull City
2026-11-07,15:00,Premier League,Matchweek 10,Sat,Away,,,,Arsenal,,,,,,,Head-to-Head,,,,,,,,2026-2027,Hull City
2026-11-21,15:00,Premier League,Matchweek 11,Sat,Home,,,,Brighton,,,,,,,Head-to-Head,,,,,,,,2026-2027,Hull City
2026-11-28,15:00,Premier League,Matchweek 12,Sat,Away,,,,Crystal Palace,,,,,,,Head-to-Head,,,,,,,,2026-2027,Hull City
2026-12-02,20:00,Premier League,Matchweek 13,Wed,Home,,,,Nottingham,,,,,,,Head-to-Head,,,,,,,,2026-2027,Hull City
2026-12-05,15:00,Premier League,Matchweek 14,Sat,Away,,,,Bournemouth,,,,,,,Head-to-Head,,,,,,,,2026-2027,Hull City
2026-12-12,15:00,Premier League,Matchweek 15,Sat,Home,,,,Tottenham,,,,,,,Head-to-Head,,,,,,,,2026-2027,Hull City
2026-12-19,15:00,Premier League,Matchweek 16,Sat,Away,,,,Manchester City,,,,,,,Head-to-Head,,,,,,,,2026-2027,Hull City
2026-12-26,15:00,Premier League,Matchweek 17,Sat,Home,,,,Liverpool,,,,,,,Head-to-Head,,,,,,,,2026-2027,Hull City
2026-12-30,20:00,Premier League,Matchweek 18,Wed,Home,,,,Leeds United,,,,,,,Head-to-Head,,,,,,,,2026-2027,Hull City
2027-01-02,15:00,Premier League,Matchweek 19,Sat,Away,,,,Sunderland,,,,,,,Head-to-Head,,,,,,,,2026-2027,Hull City
2027-01-06,20:00,Premier League,Matchweek 20,Wed,Away,,,,Nottingham,,,,,,,Head-to-Head,,,,,,,,2026-2027,Hull City
2027-01-16,15:00,Premier League,Matchweek 21,Sat,Home,,,,Arsenal,,,,,,,Head-to-Head,,,,,,,,2026-2027,Hull City
2027-01-23,15:00,Premier League,Matchweek 22,Sat,Away,,,,Ipswich Town,,,,,,,Head-to-Head,,,,,,,,2026-2027,Hull City
2027-01-30,15:00,Premier League,Matchweek 23,Sat,Home,,,,Crystal Palace,,,,,,,Head-to-Head,,,,,,,,2026-2027,Hull City
2027-02-06,15:00,Premier League,Matchweek 24,Sat,Away,,,,Brighton,,,,,,,Head-to-Head,,,,,,,,2026-2027,Hull City
2027-02-10,20:00,Premier League,Matchweek 25,Wed,Home,,,,Sunderland,,,,,,,Head-to-Head,,,,,,,,2026-2027,Hull City
2027-02-20,15:00,Premier League,Matchweek 26,Sat,Away,,,,Liverpool,,,,,,,Head-to-Head,,,,,,,,2026-2027,Hull City
2027-02-27,15:00,Premier League,Matchweek 27,Sat,Home,,,,Manchester City,,,,,,,Head-to-Head,,,,,,,,2026-2027,Hull City
2027-03-03,20:00,Premier League,Matchweek 28,Wed,Away,,,,Leeds United,,,,,,,Head-to-Head,,,,,,,,2026-2027,Hull City
2027-03-13,15:00,Premier League,Matchweek 29,Sat,Away,,,,Aston Villa,,,,,,,Head-to-Head,,,,,,,,2026-2027,Hull City
2027-03-20,15:00,Premier League,Matchweek 30,Sat,Home,,,,Chelsea,,,,,,,Head-to-Head,,,,,,,,2026-2027,Hull City
2027-04-10,15:00,Premier League,Matchweek 31,Sat,Away,,,,Manchester Utd,,,,,,,Head-to-Head,,,,,,,,2026-2027,Hull City
2027-04-17,15:00,Premier League,Matchweek 32,Sat,Home,,,,Coventry City,,,,,,,Head-to-Head,,,,,,,,2026-2027,Hull City
2027-04-24,15:00,Premier League,Matchweek 33,Sat,Away,,,,Tottenham,,,,,,,Head-to-Head,,,,,,,,2026-2027,Hull City
2027-05-01,15:00,Premier League,Matchweek 34,Sat,Home,,,,Bournemouth,,,,,,,Head-to-Head,,,,,,,,2026-2027,Hull City
2027-05-08,15:00,Premier League,Matchweek 35,Sat,Away,,,,Everton,,,,,,,Head-to-Head,,,,,,,,2026-2027,Hull City
2027-05-15,15:00,Premier League,Matchweek 36,Sat,Home,,,,Fulham,,,,,,,Head-to-Head,,,,,,,,2026-2027,Hull City
2027-05-23,15:00,Premier League,Matchweek 37,Sun,Away,,,,Brentford,,,,,,,Head-to-Head,,,,,,,,2026-2027,Hull City
2027-05-30,16:00,Premier League,Matchweek 38,Sun,Home,,,,Newcastle,,,,,,,Head-to-Head,,,,,,,,2026-2027,Hull City
2026-08-22,15:00,Premier League,Matchweek 1,Sat,Home,W,2.0,1.0,Sunderland,38.0,29669.0,Dara O'Shea,4-2-3-1,4-2-3-1,Farai Hallam,Match Report,,10.0,3.0,,,0.0,0.0,2026-2027,Ipswich Town
2026-08-30,16:30,Premier League,Matchweek 2,Sun,Away,,,,Manchester Utd,,,,,,,Head-to-Head,,,,,,,,2026-2027,Ipswich Town
2026-09-04,20:00,Premier League,Matchweek 3,Fri,Home,,,,Liverpool,,,,,,,Head-to-Head,,,,,,,,2026-2027,Ipswich Town
2026-09-12,15:00,Premier League,Matchweek 4,Sat,Away,,,,Crystal Palace,,,,,,,Head-to-Head,,,,,,,,2026-2027,Ipswich Town
2026-09-19,15:00,Premier League,Matchweek 5,Sat,Away,,,,Everton,,,,,,,Head-to-Head,,,,,,,,2026-2027,Ipswich Town
2026-10-10,15:00,Premier League,Matchweek 6,Sat,Home,,,,Fulham,,,,,,,Head-to-Head,,,,,,,,2026-2027,Ipswich Town
2026-10-17,15:00,Premier League,Matchweek 7,Sat,Away,,,,Manchester City,,,,,,,Head-to-Head,,,,,,,,2026-2027,Ipswich Town
2026-10-23,20:00,Premier League,Matchweek 8,Fri,Home,,,,Nottingham,,,,,,,Head-to-Head,,,,,,,,2026-2027,Ipswich Town
2026-10-31,15:00,Premier League,Matchweek 9,Sat,Away,,,,Hull City,,,,,,,Head-to-Head,,,,,,,,2026-2027,Ipswich Town
2026-11-07,15:00,Premier League,Matchweek 10,Sat,Home,,,,Bournemouth,,,,,,,Head-to-Head,,,,,,,,2026-2027,Ipswich Town
2026-11-21,15:00,Premier League,Matchweek 11,Sat,Away,,,,Tottenham,,,,,,,Head-to-Head,,,,,,,,2026-2027,Ipswich Town
2026-11-28,15:00,Premier League,Matchweek 12,Sat,Home,,,,Aston Villa,,,,,,,Head-to-Head,,,,,,,,2026-2027,Ipswich Town
2026-12-02,20:00,Premier League,Matchweek 13,Wed,Away,,,,Coventry City,,,,,,,Head-to-Head,,,,,,,,2026-2027,Ipswich Town
2026-12-05,15:00,Premier League,Matchweek 14,Sat,Away,,,,Leeds United,,,,,,,Head-to-Head,,,,,,,,2026-2027,Ipswich Town
2026-12-12,15:00,Premier League,Matchweek 15,Sat,Home,,,,Newcastle,,,,,,,Head-to-Head,,,,,,,,2026-2027,Ipswich Town
2026-12-19,15:00,Premier League,Matchweek 16,Sat,Away,,,,Brighton,,,,,,,Head-to-Head,,,,,,,,2026-2027,Ipswich Town
2026-12-26,15:00,Premier League,Matchweek 17,Sat,Home,,,,Brentford,,,,,,,Head-to-Head,,,,,,,,2026-2027,Ipswich Town
2026-12-30,20:00,Premier League,Matchweek 18,Wed,Home,,,,Chelsea,,,,,,,Head-to-Head,,,,,,,,2026-2027,Ipswich Town
2027-01-02,15:00,Premier League,Matchweek 19,Sat,Away,,,,Arsenal,,,,,,,Head-to-Head,,,,,,,,2026-2027,Ipswich Town
2027-01-06,20:00,Premier League,Matchweek 20,Wed,Home,,,,Coventry City,,,,,,,Head-to-Head,,,,,,,,2026-2027,Ipswich Town
2027-01-16,15:00,Premier League,Matchweek 21,Sat,Away,,,,Bournemouth,,,,,,,Head-to-Head,,,,,,,,2026-2027,Ipswich Town
2027-01-23,15:00,Premier League,Matchweek 22,Sat,Home,,,,Hull City,,,,,,,Head-to-Head,,,,,,,,2026-2027,Ipswich Town
2027-01-30,15:00,Premier League,Matchweek 23,Sat,Away,,,,Aston Villa,,,,,,,Head-to-Head,,,,,,,,2026-2027,Ipswich Town
2027-02-06,15:00,Premier League,Matchweek 24,Sat,Home,,,,Tottenham,,,,,,,Head-to-Head,,,,,,,,2026-2027,Ipswich Town
2027-02-10,20:00,Premier League,Matchweek 25,Wed,Home,,,,Arsenal,,,,,,,Head-to-Head,,,,,,,,2026-2027,Ipswich Town
2027-02-20,15:00,Premier League,Matchweek 26,Sat,Away,,,,Chelsea,,,,,,,Head-to-Head,,,,,,,,2026-2027,Ipswich Town
2027-02-27,15:00,Premier League,Matchweek 27,Sat,Home,,,,Brighton,,,,,,,Head-to-Head,,,,,,,,2026-2027,Ipswich Town
2027-03-03,20:00,Premier League,Matchweek 28,Wed,Away,,,,Brentford,,,,,,,Head-to-Head,,,,,,,,2026-2027,Ipswich Town
2027-03-13,15:00,Premier League,Matchweek 29,Sat,Away,,,,Liverpool,,,,,,,Head-to-Head,,,,,,,,2026-2027,Ipswich Town
2027-03-20,15:00,Premier League,Matchweek 30,Sat,Home,,,,Crystal Palace,,,,,,,Head-to-Head,,,,,,,,2026-2027,Ipswich Town
2027-04-10,15:00,Premier League,Matchweek 31,Sat,Away,,,,Sunderland,,,,,,,Head-to-Head,,,,,,,,2026-2027,Ipswich Town
2027-04-17,15:00,Premier League,Matchweek 32,Sat,Home,,,,Manchester Utd,,,,,,,Head-to-Head,,,,,,,,2026-2027,Ipswich Town
2027-04-24,15:00,Premier League,Matchweek 33,Sat,Away,,,,Newcastle,,,,,,,Head-to-Head,,,,,,,,2026-2027,Ipswich Town
2027-05-01,15:00,Premier League,Matchweek 34,Sat,Home,,,,Leeds United,,,,,,,Head-to-Head,,,,,,,,2026-2027,Ipswich Town
2027-05-08,15:00,Premier League,Matchweek 35,Sat,Away,,,,Fulham,,,,,,,Head-to-Head,,,,,,,,2026-2027,Ipswich Town
2027-05-15,15:00,Premier League,Matchweek 36,Sat,Home,,,,Manchester City,,,,,,,Head-to-Head,,,,,,,,2026-2027,Ipswich Town
2027-05-23,15:00,Premier League,Matchweek 37,Sun,Away,,,,Nottingham,,,,,,,Head-to-Head,,,,,,,,2026-2027,Ipswich Town
2027-05-30,16:00,Premier League,Matchweek 38,Sun,Home,,,,Everton,,,,,,,Head-to-Head,,,,,,,,2026-2027,Ipswich Town
2026-08-22,15:00,Premier League,Matchweek 1,Sat,Away,W,1.0,0.0,Nottingham,45.0,30739.0,Ethan Ampadu,3-4-3,3-4-3,Robert Jones,Match Report,,11.0,3.0,,,0.0,0.0,2026-2027,Leeds United
2026-08-30,14:00,Premier League,Matchweek 2,Sun,Home,,,,Brentford,,,,,,,Head-to-Head,,,,,,,,2026-2027,Leeds United
2026-09-05,15:00,Premier League,Matchweek 3,Sat,Away,,,,Brighton,,,,,,,Head-to-Head,,,,,,,,2026-2027,Leeds United
2026-09-14,20:00,Premier League,Matchweek 4,Mon,Home,,,,Newcastle,,,,,,,Head-to-Head,,,,,,,,2026-2027,Leeds United
2026-09-19,15:00,Premier League,Matchweek 5,Sat,Home,,,,Crystal Palace,,,,,,,Head-to-Head,,,,,,,,2026-2027,Leeds United
2026-10-10,12:30,Premier League,Matchweek 6,Sat,Away,,,,Arsenal,,,,,,,Head-to-Head,,,,,,,,2026-2027,Leeds United
2026-10-18,14:00,Premier League,Matchweek 7,Sun,Home,,,,Manchester Utd,,,,,,,Head-to-Head,,,,,,,,2026-2027,Leeds United
2026-10-25,16:30,Premier League,Matchweek 8,Sun,Away,,,,Sunderland,,,,,,,Head-to-Head,,,,,,,,2026-2027,Leeds United
2026-10-31,15:00,Premier League,Matchweek 9,Sat,Away,,,,Bournemouth,,,,,,,Head-to-Head,,,,,,,,2026-2027,Leeds United
2026-11-07,15:00,Premier League,Matchweek 10,Sat,Home,,,,Tottenham,,,,,,,Head-to-Head,,,,,,,,2026-2027,Leeds United
2026-11-21,15:00,Premier League,Matchweek 11,Sat,Away,,,,Chelsea,,,,,,,Head-to-Head,,,,,,,,2026-2027,Leeds United
2026-11-28,15:00,Premier League,Matchweek 12,Sat,Home,,,,Coventry City,,,,,,,Head-to-Head,,,,,,,,2026-2027,Leeds United
2026-12-02,20:00,Premier League,Matchweek 13,Wed,Away,,,,Manchester City,,,,,,,Head-to-Head,,,,,,,,2026-2027,Leeds United
2026-12-05,15:00,Premier League,Matchweek 14,Sat,Home,,,,Ipswich Town,,,,,,,Head-to-Head,,,,,,,,2026-2027,Leeds United
2026-12-12,15:00,Premier League,Matchweek 15,Sat,Away,,,,Liverpool,,,,,,,Head-to-Head,,,,,,,,2026-2027,Leeds United
2026-12-19,15:00,Premier League,Matchweek 16,Sat,Home,,,,Fulham,,,,,,,Head-to-Head,,,,,,,,2026-2027,Leeds United
2026-12-26,15:00,Premier League,Matchweek 17,Sat,Away,,,,Aston Villa,,,,,,,Head-to-Head,,,,,,,,2026-2027,Leeds United
2026-12-30,20:00,Premier League,Matchweek 18,Wed,Away,,,,Hull City,,,,,,,Head-to-Head,,,,,,,,2026-2027,Leeds United
2027-01-02,15:00,Premier League,Matchweek 19,Sat,Home,,,,Everton,,,,,,,Head-to-Head,,,,,,,,2026-2027,Leeds United
2027-01-06,20:00,Premier League,Matchweek 20,Wed,Home,,,,Manchester City,,,,,,,Head-to-Head,,,,,,,,2026-2027,Leeds United
2027-01-16,15:00,Premier League,Matchweek 21,Sat,Away,,,,Tottenham,,,,,,,Head-to-Head,,,,,,,,2026-2027,Leeds United
2027-01-23,15:00,Premier League,Matchweek 22,Sat,Home,,,,Chelsea,,,,,,,Head-to-Head,,,,,,,,2026-2027,Leeds United
2027-01-30,15:00,Premier League,Matchweek 23,Sat,Away,,,,Coventry City,,,,,,,Head-to-Head,,,,,,,,2026-2027,Leeds United
2027-02-06,15:00,Premier League,Matchweek 24,Sat,Home,,,,Bournemouth,,,,,,,Head-to-Head,,,,,,,,2026-2027,Leeds United
2027-02-10,20:00,Premier League,Matchweek 25,Wed,Away,,,,Everton,,,,,,,Head-to-Head,,,,,,,,2026-2027,Leeds United
2027-02-20,15:00,Premier League,Matchweek 26,Sat,Home,,,,Aston Villa,,,,,,,Head-to-Head,,,,,,,,2026-2027,Leeds United
2027-02-27,15:00,Premier League,Matchweek 27,Sat,Away,,,,Fulham,,,,,,,Head-to-Head,,,,,,,,2026-2027,Leeds United
2027-03-03,20:00,Premier League,Matchweek 28,Wed,Home,,,,Hull City,,,,,,,Head-to-Head,,,,,,,,2026-2027,Leeds United
2027-03-13,15:00,Premier League,Matchweek 29,Sat,Home,,,,Brighton,,,,,,,Head-to-Head,,,,,,,,2026-2027,Leeds United
2027-03-20,15:00,Premier League,Matchweek 30,Sat,Away,,,,Newcastle,,,,,,,Head-to-Head,,,,,,,,2026-2027,Leeds United
2027-04-10,15:00,Premier League,Matchweek 31,Sat,Home,,,,Nottingham,,,,,,,Head-to-Head,,,,,,,,2026-2027,Leeds United
2027-04-17,15:00,Premier League,Matchweek 32,Sat,Away,,,,Brentford,,,,,,,Head-to-Head,,,,,,,,2026-2027,Leeds United
2027-04-24,15:00,Premier League,Matchweek 33,Sat,Home,,,,Liverpool,,,,,,,Head-to-Head,,,,,,,,2026-2027,Leeds United
2027-05-01,15:00,Premier League,Matchweek 34,Sat,Away,,,,Ipswich Town,,,,,,,Head-to-Head,,,,,,,,2026-2027,Leeds United
2027-05-08,15:00,Premier League,Matchweek 35,Sat,Home,,,,Arsenal,,,,,,,Head-to-Head,,,,,,,,2026-2027,Leeds United
2027-05-15,15:00,Premier League,Matchweek 36,Sat,Away,,,,Manchester Utd,,,,,,,Head-to-Head,,,,,,,,2026-2027,Leeds United
2027-05-23,15:00,Premier League,Matchweek 37,Sun,Home,,,,Sunderland,,,,,,,Head-to-Head,,,,,,,,2026-2027,Leeds United
2027-05-30,16:00,Premier League,Matchweek 38,Sun,Away,,,,Crystal Palace,,,,,,,Head-to-Head,,,,,,,,2026-2027,Leeds United
2026-08-23,16:30,Premier League,Matchweek 1,Sun,Away,D,2.0,2.0,Newcastle,61.0,52630.0,Virgil van Dijk,4-2-3-1,4-2-3-1,Stuart Attwell,Match Report,,27.0,7.0,,,1.0,1.0,2026-2027,Liverpool
2026-08-29,12:30,Premier League,Matchweek 2,Sat,Home,,,,Nottingham,,,,,,,Head-to-Head,,,,,,,,2026-2027,Liverpool
2026-09-04,20:00,Premier League,Matchweek 3,Fri,Away,,,,Ipswich Town,,,,,,,Head-to-Head,,,,,,,,2026-2027,Liverpool
2026-09-12,15:00,Premier League,Matchweek 4,Sat,Home,,,,Fulham,,,,,,,Head-to-Head,,,,,,,,2026-2027,Liverpool
2026-09-20,14:00,Premier League,Matchweek 5,Sun,Away,,,,Bournemouth,,,,,,,Head-to-Head,,,,,,,,2026-2027,Liverpool
2026-10-11,16:30,Premier League,Matchweek 6,Sun,Home,,,,Manchester City,,,,,,,Head-to-Head,,,,,,,,2026-2027,Liverpool
2026-10-17,15:00,Premier League,Matchweek 7,Sat,Away,,,,Brentford,,,,,,,Head-to-Head,,,,,,,,2026-2027,Liverpool
2026-10-24,15:00,Premier League,Matchweek 8,Sat,Home,,,,Brighton,,,,,,,Head-to-Head,,,,,,,,2026-2027,Liverpool
2026-11-01,16:30,Premier League,Matchweek 9,Sun,Home,,,,Arsenal,,,,,,,Head-to-Head,,,,,,,,2026-2027,Liverpool
2026-11-07,15:00,Premier League,Matchweek 10,Sat,Away,,,,Crystal Palace,,,,,,,Head-to-Head,,,,,,,,2026-2027,Liverpool
2026-11-21,15:00,Premier League,Matchweek 11,Sat,Home,,,,Manchester Utd,,,,,,,Head-to-Head,,,,,,,,2026-2027,Liverpool
2026-11-28,15:00,Premier League,Matchweek 12,Sat,Away,,,,Everton,,,,,,,Head-to-Head,,,,,,,,2026-2027,Liverpool
2026-12-02,20:00,Premier League,Matchweek 13,Wed,Home,,,,Sunderland,,,,,,,Head-to-Head,,,,,,,,2026-2027,Liverpool
2026-12-05,15:00,Premier League,Matchweek 14,Sat,Away,,,,Chelsea,,,,,,,Head-to-Head,,,,,,,,2026-2027,Liverpool
2026-12-12,15:00,Premier League,Matchweek 15,Sat,Home,,,,Leeds United,,,,,,,Head-to-Head,,,,,,,,2026-2027,Liverpool
2026-12-19,15:00,Premier League,Matchweek 16,Sat,Home,,,,Tottenham,,,,,,,Head-to-Head,,,,,,,,2026-2027,Liverpool
2026-12-26,15:00,Premier League,Matchweek 17,Sat,Away,,,,Hull City,,,,,,,Head-to-Head,,,,,,,,2026-2027,Liverpool
2026-12-30,20:00,Premier League,Matchweek 18,Wed,Away,,,,Aston Villa,,,,,,,Head-to-Head,,,,,,,,2026-2027,Liverpool
2027-01-02,15:00,Premier League,Matchweek 19,Sat,Home,,,,Coventry City,,,,,,,Head-to-Head,,,,,,,,2026-2027,Liverpool
2027-01-06,20:00,Premier League,Matchweek 20,Wed,Away,,,,Sunderland,,,,,,,Head-to-Head,,,,,,,,2026-2027,Liverpool
2027-01-16,15:00,Premier League,Matchweek 21,Sat,Home,,,,Crystal Palace,,,,,,,Head-to-Head,,,,,,,,2026-2027,Liverpool
2027-01-23,15:00,Premier League,Matchweek 22,Sat,Away,,,,Manchester Utd,,,,,,,Head-to-Head,,,,,,,,2026-2027,Liverpool
2027-01-30,15:00,Premier League,Matchweek 23,Sat,Home,,,,Everton,,,,,,,Head-to-Head,,,,,,,,2026-2027,Liverpool
2027-02-06,15:00,Premier League,Matchweek 24,Sat,Away,,,,Arsenal,,,,,,,Head-to-Head,,,,,,,,2026-2027,Liverpool
2027-02-10,20:00,Premier League,Matchweek 25,Wed,Away,,,,Coventry City,,,,,,,Head-to-Head,,,,,,,,2026-2027,Liverpool
2027-02-20,15:00,Premier League,Matchweek 26,Sat,Home,,,,Hull City,,,,,,,Head-to-Head,,,,,,,,2026-2027,Liverpool
2027-02-27,15:00,Premier League,Matchweek 27,Sat,Away,,,,Tottenham,,,,,,,Head-to-Head,,,,,,,,2026-2027,Liverpool
2027-03-03,20:00,Premier League,Matchweek 28,Wed,Home,,,,Aston Villa,,,,,,,Head-to-Head,,,,,,,,2026-2027,Liverpool
2027-03-13,15:00,Premier League,Matchweek 29,Sat,Home,,,,Ipswich Town,,,,,,,Head-to-Head,,,,,,,,2026-2027,Liverpool
2027-03-20,15:00,Premier League,Matchweek 30,Sat,Away,,,,Fulham,,,,,,,Head-to-Head,,,,,,,,2026-2027,Liverpool
2027-04-10,15:00,Premier League,Matchweek 31,Sat,Home,,,,Newcastle,,,,,,,Head-to-Head,,,,,,,,2026-2027,Liverpool
2027-04-17,15:00,Premier League,Matchweek 32,Sat,Away,,,,Nottingham,,,,,,,Head-to-Head,,,,,,,,2026-2027,Liverpool
2027-04-24,15:00,Premier League,Matchweek 33,Sat,Away,,,,Leeds United,,,,,,,Head-to-Head,,,,,,,,2026-2027,Liverpool
2027-05-01,15:00,Premier League,Matchweek 34,Sat,Home,,,,Chelsea,,,,,,,Head-to-Head,,,,,,,,2026-2027,Liverpool
2027-05-08,15:00,Premier League,Matchweek 35,Sat,Away,,,,Manchester City,,,,,,,Head-to-Head,,,,,,,,2026-2027,Liverpool
2027-05-15,15:00,Premier League,Matchweek 36,Sat,Home,,,,Brentford,,,,,,,Head-to-Head,,,,,,,,2026-2027,Liverpool
2027-05-23,15:00,Premier League,Matchweek 37,Sun,Away,,,,Brighton,,,,,,,Head-to-Head,,,,,,,,2026-2027,Liverpool
2027-05-30,16:00,Premier League,Matchweek 38,Sun,Home,,,,Bournemouth,,,,,,,Head-to-Head,,,,,,,,2026-2027,Liverpool
2026-08-23,14:00,Premier League,Matchweek 1,Sun,Home,W,2.0,1.0,Bournemouth,66.0,60645.0,Rúben Dias,4-2-3-1,4-2-3-1,Jarred Gillett,Match Report,,13.0,6.0,,,0.0,0.0,2026-2027,Manchester City
2026-08-28,20:00,Premier League,Matchweek 2,Fri,Away,,,,Crystal Palace,,,,,,,Head-to-Head,,,,,,,,2026-2027,Manchester City
2026-09-05,15:00,Premier League,Matchweek 3,Sat,Home,,,,Coventry City,,,,,,,Head-to-Head,,,,,,,,2026-2027,Manchester City
2026-09-13,16:30,Premier League,Matchweek 4,Sun,Away,,,,Manchester Utd,,,,,,,Head-to-Head,,,,,,,,2026-2027,Manchester City
2026-09-19,15:00,Premier League,Matchweek 5,Sat,Home,,,,Sunderland,,,,,,,Head-to-Head,,,,,,,,2026-2027,Manchester City
2026-10-11,16:30,Premier League,Matchweek 6,Sun,Away,,,,Liverpool,,,,,,,Head-to-Head,,,,,,,,2026-2027,Manchester City
2026-10-17,15:00,Premier League,Matchweek 7,Sat,Home,,,,Ipswich Town,,,,,,,Head-to-Head,,,,,,,,2026-2027,Manchester City
2026-10-24,12:30,Premier League,Matchweek 8,Sat,Away,,,,Aston Villa,,,,,,,Head-to-Head,,,,,,,,2026-2027,Manchester City
2026-10-31,15:00,Premier League,Matchweek 9,Sat,Home,,,,Brighton,,,,,,,Head-to-Head,,,,,,,,2026-2027,Manchester City
2026-11-07,15:00,Premier League,Matchweek 10,Sat,Away,,,,Nottingham,,,,,,,Head-to-Head,,,,,,,,2026-2027,Manchester City
2026-11-21,15:00,Premier League,Matchweek 11,Sat,Home,,,,Fulham,,,,,,,Head-to-Head,,,,,,,,2026-2027,Manchester City
2026-11-28,15:00,Premier League,Matchweek 12,Sat,Away,,,,Arsenal,,,,,,,Head-to-Head,,,,,,,,2026-2027,Manchester City
2026-12-02,20:00,Premier League,Matchweek 13,Wed,Home,,,,Leeds United,,,,,,,Head-to-Head,,,,,,,,2026-2027,Manchester City
2026-12-05,15:00,Premier League,Matchweek 14,Sat,Away,,,,Brentford,,,,,,,Head-to-Head,,,,,,,,2026-2027,Manchester City
2026-12-12,15:00,Premier League,Matchweek 15,Sat,Home,,,,Chelsea,,,,,,,Head-to-Head,,,,,,,,2026-2027,Manchester City
2026-12-19,15:00,Premier League,Matchweek 16,Sat,Home,,,,Hull City,,,,,,,Head-to-Head,,,,,,,,2026-2027,Manchester City
2026-12-26,15:00,Premier League,Matchweek 17,Sat,Away,,,,Newcastle,,,,,,,Head-to-Head,,,,,,,,2026-2027,Manchester City
2026-12-30,20:00,Premier League,Matchweek 18,Wed,Away,,,,Everton,,,,,,,Head-to-Head,,,,,,,,2026-2027,Manchester City
2027-01-02,15:00,Premier League,Matchweek 19,Sat,Home,,,,Tottenham,,,,,,,Head-to-Head,,,,,,,,2026-2027,Manchester City
2027-01-06,20:00,Premier League,Matchweek 20,Wed,Away,,,,Leeds United,,,,,,,Head-to-Head,,,,,,,,2026-2027,Manchester City
2027-01-16,15:00,Premier League,Matchweek 21,Sat,Home,,,,Nottingham,,,,,,,Head-to-Head,,,,,,,,2026-2027,Manchester City
2027-01-23,15:00,Premier League,Matchweek 22,Sat,Away,,,,Brighton,,,,,,,Head-to-Head,,,,,,,,2026-2027,Manchester City
2027-01-30,15:00,Premier League,Matchweek 23,Sat,Home,,,,Arsenal,,,,,,,Head-to-Head,,,,,,,,2026-2027,Manchester City
2027-02-06,15:00,Premier League,Matchweek 24,Sat,Away,,,,Fulham,,,,,,,Head-to-Head,,,,,,,,2026-2027,Manchester City
2027-02-10,20:00,Premier League,Matchweek 25,Wed,Away,,,,Tottenham,,,,,,,Head-to-Head,,,,,,,,2026-2027,Manchester City
2027-02-20,15:00,Premier League,Matchweek 26,Sat,Home,,,,Newcastle,,,,,,,Head-to-Head,,,,,,,,2026-2027,Manchester City
2027-02-27,15:00,Premier League,Matchweek 27,Sat,Away,,,,Hull City,,,,,,,Head-to-Head,,,,,,,,2026-2027,Manchester City
2027-03-03,20:00,Premier League,Matchweek 28,Wed,Home,,,,Everton,,,,,,,Head-to-Head,,,,,,,,2026-2027,Manchester City
2027-03-13,15:00,Premier League,Matchweek 29,Sat,Away,,,,Coventry City,,,,,,,Head-to-Head,,,,,,,,2026-2027,Manchester City
2027-03-20,15:00,Premier League,Matchweek 30,Sat,Home,,,,Manchester Utd,,,,,,,Head-to-Head,,,,,,,,2026-2027,Manchester City
2027-04-10,15:00,Premier League,Matchweek 31,Sat,Away,,,,Bournemouth,,,,,,,Head-to-Head,,,,,,,,2026-2027,Manchester City
2027-04-17,15:00,Premier League,Matchweek 32,Sat,Home,,,,Crystal Palace,,,,,,,Head-to-Head,,,,,,,,2026-2027,Manchester City
2027-04-24,15:00,Premier League,Matchweek 33,Sat,Away,,,,Chelsea,,,,,,,Head-to-Head,,,,,,,,2026-2027,Manchester City
2027-05-01,15:00,Premier League,Matchweek 34,Sat,Home,,,,Brentford,,,,,,,Head-to-Head,,,,,,,,2026-2027,Manchester City
2027-05-08,15:00,Premier League,Matchweek 35,Sat,Home,,,,Liverpool,,,,,,,Head-to-Head,,,,,,,,2026-2027,Manchester City
2027-05-15,15:00,Premier League,Matchweek 36,Sat,Away,,,,Ipswich Town,,,,,,,Head-to-Head,,,,,,,,2026-2027,Manchester City
2027-05-23,15:00,Premier League,Matchweek 37,Sun,Home,,,,Aston Villa,,,,,,,Head-to-Head,,,,,,,,2026-2027,Manchester City
2027-05-30,16:00,Premier League,Matchweek 38,Sun,Away,,,,Sunderland,,,,,,,Head-to-Head,,,,,,,,2026-2027,Manchester City
2026-08-22,12:30,Premier League,Matchweek 1,Sat,Away,L,0.0,2.0,Hull City,72.0,24470.0,Bruno Fernandes,4-2-3-1,5-4-1,Darren England,Match Report,,21.0,5.0,,,0.0,0.0,2026-2027,Manchester United
2026-08-30,16:30,Premier League,Matchweek 2,Sun,Home,,,,Ipswich Town,,,,,,,Head-to-Head,,,,,,,,2026-2027,Manchester United
2026-09-06,14:00,Premier League,Matchweek 3,Sun,Away,,,,Everton,,,,,,,Head-to-Head,,,,,,,,2026-2027,Manchester United
2026-09-13,16:30,Premier League,Matchweek 4,Sun,Home,,,,Manchester City,,,,,,,Head-to-Head,,,,,,,,2026-2027,Manchester United
2026-09-20,16:30,Premier League,Matchweek 5,Sun,Away,,,,Fulham,,,,,,,Head-to-Head,,,,,,,,2026-2027,Manchester United
2026-10-10,17:30,Premier League,Matchweek 6,Sat,Home,,,,Tottenham,,,,,,,Head-to-Head,,,,,,,,2026-2027,Manchester United
2026-10-18,14:00,Premier League,Matchweek 7,Sun,Away,,,,Leeds United,,,,,,,Head-to-Head,,,,,,,,2026-2027,Manchester United
2026-10-25,14:00,Premier League,Matchweek 8,Sun,Home,,,,Bournemouth,,,,,,,Head-to-Head,,,,,,,,2026-2027,Manchester United
2026-10-31,12:30,Premier League,Matchweek 9,Sat,Away,,,,Chelsea,,,,,,,Head-to-Head,,,,,,,,2026-2027,Manchester United
2026-11-07,15:00,Premier League,Matchweek 10,Sat,Home,,,,Aston Villa,,,,,,,Head-to-Head,,,,,,,,2026-2027,Manchester United
2026-11-21,15:00,Premier League,Matchweek 11,Sat,Away,,,,Liverpool,,,,,,,Head-to-Head,,,,,,,,2026-2027,Manchester United
2026-11-28,15:00,Premier League,Matchweek 12,Sat,Home,,,,Brentford,,,,,,,Head-to-Head,,,,,,,,2026-2027,Manchester United
2026-12-02,20:00,Premier League,Matchweek 13,Wed,Away,,,,Newcastle,,,,,,,Head-to-Head,,,,,,,,2026-2027,Manchester United
2026-12-05,15:00,Premier League,Matchweek 14,Sat,Home,,,,Coventry City,,,,,,,Head-to-Head,,,,,,,,2026-2027,Manchester United
2026-12-12,15:00,Premier League,Matchweek 15,Sat,Away,,,,Crystal Palace,,,,,,,Head-to-Head,,,,,,,,2026-2027,Manchester United
2026-12-19,15:00,Premier League,Matchweek 16,Sat,Away,,,,Arsenal,,,,,,,Head-to-Head,,,,,,,,2026-2027,Manchester United
2026-12-26,15:00,Premier League,Matchweek 17,Sat,Home,,,,Nottingham,,,,,,,Head-to-Head,,,,,,,,2026-2027,Manchester United
2026-12-30,20:00,Premier League,Matchweek 18,Wed,Home,,,,Sunderland,,,,,,,Head-to-Head,,,,,,,,2026-2027,Manchester United
2027-01-02,15:00,Premier League,Matchweek 19,Sat,Away,,,,Brighton,,,,,,,Head-to-Head,,,,,,,,2026-2027,Manchester United
2027-01-06,20:00,Premier League,Matchweek 20,Wed,Home,,,,Newcastle,,,,,,,Head-to-Head,,,,,,,,2026-2027,Manchester United
2027-01-16,15:00,Premier League,Matchweek 21,Sat,Away,,,,Aston Villa,,,,,,,Head-to-Head,,,,,,,,2026-2027,Manchester United
2027-01-23,15:00,Premier League,Matchweek 22,Sat,Home,,,,Liverpool,,,,,,,Head-to-Head,,,,,,,,2026-2027,Manchester United
2027-01-30,15:00,Premier League,Matchweek 23,Sat,Away,,,,Brentford,,,,,,,Head-to-Head,,,,,,,,2026-2027,Manchester United
2027-02-06,15:00,Premier League,Matchweek 24,Sat,Home,,,,Chelsea,,,,,,,Head-to-Head,,,,,,,,2026-2027,Manchester United
2027-02-10,20:00,Premier League,Matchweek 25,Wed,Home,,,,Brighton,,,,,,,Head-to-Head,,,,,,,,2026-2027,Manchester United
2027-02-20,15:00,Premier League,Matchweek 26,Sat,Away,,,,Nottingham,,,,,,,Head-to-Head,,,,,,,,2026-2027,Manchester United
2027-02-27,15:00,Premier League,Matchweek 27,Sat,Home,,,,Arsenal,,,,,,,Head-to-Head,,,,,,,,2026-2027,Manchester United
2027-03-03,20:00,Premier League,Matchweek 28,Wed,Away,,,,Sunderland,,,,,,,Head-to-Head,,,,,,,,2026-2027,Manchester United
2027-03-13,15:00,Premier League,Matchweek 29,Sat,Home,,,,Everton,,,,,,,Head-to-Head,,,,,,,,2026-2027,Manchester United
2027-03-20,15:00,Premier League,Matchweek 30,Sat,Away,,,,Manchester City,,,,,,,Head-to-Head,,,,,,,,2026-2027,Manchester United
2027-04-10,15:00,Premier League,Matchweek 31,Sat,Home,,,,Hull City,,,,,,,Head-to-Head,,,,,,,,2026-2027,Manchester United
2027-04-17,15:00,Premier League,Matchweek 32,Sat,Away,,,,Ipswich Town,,,,,,,Head-to-Head,,,,,,,,2026-2027,Manchester United
2027-04-24,15:00,Premier League,Matchweek 33,Sat,Home,,,,Crystal Palace,,,,,,,Head-to-Head,,,,,,,,2026-2027,Manchester United
2027-05-01,15:00,Premier League,Matchweek 34,Sat,Away,,,,Coventry City,,,,,,,Head-to-Head,,,,,,,,2026-2027,Manchester United
2027-05-08,15:00,Premier League,Matchweek 35,Sat,Away,,,,Bournemouth,,,,,,,Head-to-Head,,,,,,,,2026-2027,Manchester United
2027-05-15,15:00,Premier League,Matchweek 36,Sat,Home,,,,Leeds United,,,,,,,Head-to-Head,,,,,,,,2026-2027,Manchester United
2027-05-23,15:00,Premier League,Matchweek 37,Sun,Away,,,,Tottenham,,,,,,,Head-to-Head,,,,,,,,2026-2027,Manchester United
2027-05-30,16:00,Premier League,Matchweek 38,Sun,Home,,,,Fulham,,,,,,,Head-to-Head,,,,,,,,2026-2027,Manchester United
2026-08-23,16:30,Premier League,Matchweek 1,Sun,Home,D,2.0,2.0,Liverpool,39.0,52630.0,Malick Thiaw,4-2-3-1,4-2-3-1,Stuart Attwell,Match Report,,13.0,4.0,,,0.0,0.0,2026-2027,Newcastle United
2026-08-29,17:30,Premier League,Matchweek 2,Sat,Away,,,,Tottenham,,,,,,,Head-to-Head,,,,,,,,2026-2027,Newcastle United
2026-09-05,12:30,Premier League,Matchweek 3,Sat,Home,,,,Bournemouth,,,,,,,Head-to-Head,,,,,,,,2026-2027,Newcastle United
2026-09-14,20:00,Premier League,Matchweek 4,Mon,Away,,,,Leeds United,,,,,,,Head-to-Head,,,,,,,,2026-2027,Newcastle United
2026-09-19,15:00,Premier League,Matchweek 5,Sat,Home,,,,Hull City,,,,,,,Head-to-Head,,,,,,,,2026-2027,Newcastle United
2026-10-12,20:00,Premier League,Matchweek 6,Mon,Away,,,,Coventry City,,,,,,,Head-to-Head,,,,,,,,2026-2027,Newcastle United
2026-10-17,17:30,Premier League,Matchweek 7,Sat,Home,,,,Aston Villa,,,,,,,Head-to-Head,,,,,,,,2026-2027,Newcastle United
2026-10-25,14:00,Premier League,Matchweek 8,Sun,Away,,,,Crystal Palace,,,,,,,Head-to-Head,,,,,,,,2026-2027,Newcastle United
2026-11-02,20:00,Premier League,Matchweek 9,Mon,Home,,,,Everton,,,,,,,Head-to-Head,,,,,,,,2026-2027,Newcastle United
2026-11-07,15:00,Premier League,Matchweek 10,Sat,Away,,,,Fulham,,,,,,,Head-to-Head,,,,,,,,2026-2027,Newcastle United
2026-11-21,15:00,Premier League,Matchweek 11,Sat,Home,,,,Arsenal,,,,,,,Head-to-Head,,,,,,,,2026-2027,Newcastle United
2026-11-28,15:00,Premier League,Matchweek 12,Sat,Away,,,,Brighton,,,,,,,Head-to-Head,,,,,,,,2026-2027,Newcastle United
2026-12-02,20:00,Premier League,Matchweek 13,Wed,Home,,,,Manchester Utd,,,,,,,Head-to-Head,,,,,,,,2026-2027,Newcastle United
2026-12-05,15:00,Premier League,Matchweek 14,Sat,Home,,,,Sunderland,,,,,,,Head-to-Head,,,,,,,,2026-2027,Newcastle United
2026-12-12,15:00,Premier League,Matchweek 15,Sat,Away,,,,Ipswich Town,,,,,,,Head-to-Head,,,,,,,,2026-2027,Newcastle United
2026-12-19,15:00,Premier League,Matchweek 16,Sat,Away,,,,Brentford,,,,,,,Head-to-Head,,,,,,,,2026-2027,Newcastle United
2026-12-26,15:00,Premier League,Matchweek 17,Sat,Home,,,,Manchester City,,,,,,,Head-to-Head,,,,,,,,2026-2027,Newcastle United
2026-12-30,20:00,Premier League,Matchweek 18,Wed,Home,,,,Nottingham,,,,,,,Head-to-Head,,,,,,,,2026-2027,Newcastle United
2027-01-02,15:00,Premier League,Matchweek 19,Sat,Away,,,,Chelsea,,,,,,,Head-to-Head,,,,,,,,2026-2027,Newcastle United
2027-01-06,20:00,Premier League,Matchweek 20,Wed,Away,,,,Manchester Utd,,,,,,,Head-to-Head,,,,,,,,2026-2027,Newcastle United
2027-01-16,15:00,Premier League,Matchweek 21,Sat,Home,,,,Fulham,,,,,,,Head-to-Head,,,,,,,,2026-2027,Newcastle United
2027-01-23,15:00,Premier League,Matchweek 22,Sat,Away,,,,Arsenal,,,,,,,Head-to-Head,,,,,,,,2026-2027,Newcastle United
2027-01-30,15:00,Premier League,Matchweek 23,Sat,Home,,,,Brighton,,,,,,,Head-to-Head,,,,,,,,2026-2027,Newcastle United
2027-02-06,15:00,Premier League,Matchweek 24,Sat,Away,,,,Everton,,,,,,,Head-to-Head,,,,,,,,2026-2027,Newcastle United
2027-02-10,20:00,Premier League,Matchweek 25,Wed,Home,,,,Chelsea,,,,,,,Head-to-Head,,,,,,,,2026-2027,Newcastle United
2027-02-20,15:00,Premier League,Matchweek 26,Sat,Away,,,,Manchester City,,,,,,,Head-to-Head,,,,,,,,2026-2027,Newcastle United
2027-02-27,15:00,Premier League,Matchweek 27,Sat,Home,,,,Brentford,,,,,,,Head-to-Head,,,,,,,,2026-2027,Newcastle United
2027-03-03,20:00,Premier League,Matchweek 28,Wed,Away,,,,Nottingham,,,,,,,Head-to-Head,,,,,,,,2026-2027,Newcastle United
2027-03-13,15:00,Premier League,Matchweek 29,Sat,Away,,,,Bournemouth,,,,,,,Head-to-Head,,,,,,,,2026-2027,Newcastle United
2027-03-20,15:00,Premier League,Matchweek 30,Sat,Home,,,,Leeds United,,,,,,,Head-to-Head,,,,,,,,2026-2027,Newcastle United
2027-04-10,15:00,Premier League,Matchweek 31,Sat,Away,,,,Liverpool,,,,,,,Head-to-Head,,,,,,,,2026-2027,Newcastle United
2027-04-17,15:00,Premier League,Matchweek 32,Sat,Home,,,,Tottenham,,,,,,,Head-to-Head,,,,,,,,2026-2027,Newcastle United
2027-04-24,15:00,Premier League,Matchweek 33,Sat,Home,,,,Ipswich Town,,,,,,,Head-to-Head,,,,,,,,2026-2027,Newcastle United
2027-05-01,15:00,Premier League,Matchweek 34,Sat,Away,,,,Sunderland,,,,,,,Head-to-Head,,,,,,,,2026-2027,Newcastle United
2027-05-08,15:00,Premier League,Matchweek 35,Sat,Home,,,,Coventry City,,,,,,,Head-to-Head,,,,,,,,2026-2027,Newcastle United
2027-05-15,15:00,Premier League,Matchweek 36,Sat,Away,,,,Aston Villa,,,,,,,Head-to-Head,,,,,,,,2026-2027,Newcastle United
2027-05-23,15:00,Premier League,Matchweek 37,Sun,Home,,,,Crystal Palace,,,,,,,Head-to-Head,,,,,,,,2026-2027,Newcastle United
2027-05-30,16:00,Premier League,Matchweek 38,Sun,Away,,,,Hull City,,,,,,,Head-to-Head,,,,,,,,2026-2027,Newcastle United
2026-08-22,15:00,Premier League,Matchweek 1,Sat,Home,L,0.0,1.0,Leeds United,55.0,30739.0,Morgan Gibbs-White,3-4-3,3-4-3,Robert Jones,Match Report,,12.0,2.0,,,0.0,0.0,2026-2027,Nottingham Forest
2026-08-29,12:30,Premier League,Matchweek 2,Sat,Away,,,,Liverpool,,,,,,,Head-to-Head,,,,,,,,2026-2027,Nottingham Forest
2026-09-05,15:00,Premier League,Matchweek 3,Sat,Home,,,,Tottenham,,,,,,,Head-to-Head,,,,,,,,2026-2027,Nottingham Forest
2026-09-12,15:00,Premier League,Matchweek 4,Sat,Away,,,,Aston Villa,,,,,,,Head-to-Head,,,,,,,,2026-2027,Nottingham Forest
2026-09-19,17:30,Premier League,Matchweek 5,Sat,Home,,,,Coventry City,,,,,,,Head-to-Head,,,,,,,,2026-2027,Nottingham Forest
2026-10-11,14:00,Premier League,Matchweek 6,Sun,Away,,,,Crystal Palace,,,,,,,Head-to-Head,,,,,,,,2026-2027,Nottingham Forest
2026-10-18,16:30,Premier League,Matchweek 7,Sun,Home,,,,Arsenal,,,,,,,Head-to-Head,,,,,,,,2026-2027,Nottingham Forest
2026-10-23,20:00,Premier League,Matchweek 8,Fri,Away,,,,Ipswich Town,,,,,,,Head-to-Head,,,,,,,,2026-2027,Nottingham Forest
2026-10-31,15:00,Premier League,Matchweek 9,Sat,Away,,,,Brentford,,,,,,,Head-to-Head,,,,,,,,2026-2027,Nottingham Forest
2026-11-07,15:00,Premier League,Matchweek 10,Sat,Home,,,,Manchester City,,,,,,,Head-to-Head,,,,,,,,2026-2027,Nottingham Forest
2026-11-21,15:00,Premier League,Matchweek 11,Sat,Away,,,,Bournemouth,,,,,,,Head-to-Head,,,,,,,,2026-2027,Nottingham Forest
2026-11-28,15:00,Premier League,Matchweek 12,Sat,Home,,,,Chelsea,,,,,,,Head-to-Head,,,,,,,,2026-2027,Nottingham Forest
2026-12-02,20:00,Premier League,Matchweek 13,Wed,Away,,,,Hull City,,,,,,,Head-to-Head,,,,,,,,2026-2027,Nottingham Forest
2026-12-05,15:00,Premier League,Matchweek 14,Sat,Home,,,,Brighton,,,,,,,Head-to-Head,,,,,,,,2026-2027,Nottingham Forest
2026-12-12,15:00,Premier League,Matchweek 15,Sat,Away,,,,Sunderland,,,,,,,Head-to-Head,,,,,,,,2026-2027,Nottingham Forest
2026-12-19,15:00,Premier League,Matchweek 16,Sat,Home,,,,Everton,,,,,,,Head-to-Head,,,,,,,,2026-2027,Nottingham Forest
2026-12-26,15:00,Premier League,Matchweek 17,Sat,Away,,,,Manchester Utd,,,,,,,Head-to-Head,,,,,,,,2026-2027,Nottingham Forest
2026-12-30,20:00,Premier League,Matchweek 18,Wed,Away,,,,Newcastle,,,,,,,Head-to-Head,,,,,,,,2026-2027,Nottingham Forest
2027-01-02,15:00,Premier League,Matchweek 19,Sat,Home,,,,Fulham,,,,,,,Head-to-Head,,,,,,,,2026-2027,Nottingham Forest
2027-01-06,20:00,Premier League,Matchweek 20,Wed,Home,,,,Hull City,,,,,,,Head-to-Head,,,,,,,,2026-2027,Nottingham Forest
2027-01-16,15:00,Premier League,Matchweek 21,Sat,Away,,,,Manchester City,,,,,,,Head-to-Head,,,,,,,,2026-2027,Nottingham Forest
2027-01-23,15:00,Premier League,Matchweek 22,Sat,Home,,,,Bournemouth,,,,,,,Head-to-Head,,,,,,,,2026-2027,Nottingham Forest
2027-01-30,15:00,Premier League,Matchweek 23,Sat,Away,,,,Chelsea,,,,,,,Head-to-Head,,,,,,,,2026-2027,Nottingham Forest
2027-02-06,15:00,Premier League,Matchweek 24,Sat,Home,,,,Brentford,,,,,,,Head-to-Head,,,,,,,,2026-2027,Nottingham Forest
2027-02-10,20:00,Premier League,Matchweek 25,Wed,Away,,,,Fulham,,,,,,,Head-to-Head,,,,,,,,2026-2027,Nottingham Forest
2027-02-20,15:00,Premier League,Matchweek 26,Sat,Home,,,,Manchester Utd,,,,,,,Head-to-Head,,,,,,,,2026-2027,Nottingham Forest
2027-02-27,15:00,Premier League,Matchweek 27,Sat,Away,,,,Everton,,,,,,,Head-to-Head,,,,,,,,2026-2027,Nottingham Forest
2027-03-03,20:00,Premier League,Matchweek 28,Wed,Home,,,,Newcastle,,,,,,,Head-to-Head,,,,,,,,2026-2027,Nottingham Forest
2027-03-13,15:00,Premier League,Matchweek 29,Sat,Away,,,,Tottenham,,,,,,,Head-to-Head,,,,,,,,2026-2027,Nottingham Forest
2027-03-20,15:00,Premier League,Matchweek 30,Sat,Home,,,,Aston Villa,,,,,,,Head-to-Head,,,,,,,,2026-2027,Nottingham Forest
2027-04-10,15:00,Premier League,Matchweek 31,Sat,Away,,,,Leeds United,,,,,,,Head-to-Head,,,,,,,,2026-2027,Nottingham Forest
2027-04-17,15:00,Premier League,Matchweek 32,Sat,Home,,,,Liverpool,,,,,,,Head-to-Head,,,,,,,,2026-2027,Nottingham Forest
2027-04-24,15:00,Premier League,Matchweek 33,Sat,Home,,,,Sunderland,,,,,,,Head-to-Head,,,,,,,,2026-2027,Nottingham Forest
2027-05-01,15:00,Premier League,Matchweek 34,Sat,Away,,,,Brighton,,,,,,,Head-to-Head,,,,,,,,2026-2027,Nottingham Forest
2027-05-08,15:00,Premier League,Matchweek 35,Sat,Home,,,,Crystal Palace,,,,,,,Head-to-Head,,,,,,,,2026-2027,Nottingham Forest
2027-05-15,15:00,Premier League,Matchweek 36,Sat,Away,,,,Arsenal,,,,,,,Head-to-Head,,,,,,,,2026-2027,Nottingham Forest
2027-05-23,15:00,Premier League,Matchweek 37,Sun,Home,,,,Ipswich Town,,,,,,,Head-to-Head,,,,,,,,2026-2027,Nottingham Forest
2027-05-30,16:00,Premier League,Matchweek 38,Sun,Away,,,,Coventry City,,,,,,,Head-to-Head,,,,,,,,2026-2027,Nottingham Forest
2026-08-22,15:00,Premier League,Matchweek 1,Sat,Away,L,1.0,2.0,Ipswich Town,63.0,29669.0,Granit Xhaka,4-2-3-1,4-2-3-1,Farai Hallam,Match Report,,11.0,4.0,,,0.0,0.0,2026-2027,Sunderland
2026-08-30,14:00,Premier League,Matchweek 2,Sun,Home,,,,Fulham,,,,,,,Head-to-Head,,,,,,,,2026-2027,Sunderland
2026-09-05,15:00,Premier League,Matchweek 3,Sat,Away,,,,Brentford,,,,,,,Head-to-Head,,,,,,,,2026-2027,Sunderland
2026-09-12,20:00,Premier League,Matchweek 4,Sat,Home,,,,Arsenal,,,,,,,Head-to-Head,,,,,,,,2026-2027,Sunderland
2026-09-19,15:00,Premier League,Matchweek 5,Sat,Away,,,,Manchester City,,,,,,,Head-to-Head,,,,,,,,2026-2027,Sunderland
2026-10-10,15:00,Premier League,Matchweek 6,Sat,Home,,,,Brighton,,,,,,,Head-to-Head,,,,,,,,2026-2027,Sunderland
2026-10-18,14:00,Premier League,Matchweek 7,Sun,Away,,,,Bournemouth,,,,,,,Head-to-Head,,,,,,,,2026-2027,Sunderland
2026-10-25,16:30,Premier League,Matchweek 8,Sun,Home,,,,Leeds United,,,,,,,Head-to-Head,,,,,,,,2026-2027,Sunderland
2026-10-31,15:00,Premier League,Matchweek 9,Sat,Away,,,,Coventry City,,,,,,,Head-to-Head,,,,,,,,2026-2027,Sunderland
2026-11-07,15:00,Premier League,Matchweek 10,Sat,Home,,,,Chelsea,,,,,,,Head-to-Head,,,,,,,,2026-2027,Sunderland
2026-11-21,15:00,Premier League,Matchweek 11,Sat,Away,,,,Aston Villa,,,,,,,Head-to-Head,,,,,,,,2026-2027,Sunderland
2026-11-28,15:00,Premier League,Matchweek 12,Sat,Home,,,,Tottenham,,,,,,,Head-to-Head,,,,,,,,2026-2027,Sunderland
2026-12-02,20:00,Premier League,Matchweek 13,Wed,Away,,,,Liverpool,,,,,,,Head-to-Head,,,,,,,,2026-2027,Sunderland
2026-12-05,15:00,Premier League,Matchweek 14,Sat,Away,,,,Newcastle,,,,,,,Head-to-Head,,,,,,,,2026-2027,Sunderland
2026-12-12,15:00,Premier League,Matchweek 15,Sat,Home,,,,Nottingham,,,,,,,Head-to-Head,,,,,,,,2026-2027,Sunderland
2026-12-19,15:00,Premier League,Matchweek 16,Sat,Home,,,,Crystal Palace,,,,,,,Head-to-Head,,,,,,,,2026-2027,Sunderland
2026-12-26,15:00,Premier League,Matchweek 17,Sat,Away,,,,Everton,,,,,,,Head-to-Head,,,,,,,,2026-2027,Sunderland
2026-12-30,20:00,Premier League,Matchweek 18,Wed,Away,,,,Manchester Utd,,,,,,,Head-to-Head,,,,,,,,2026-2027,Sunderland
2027-01-02,15:00,Premier League,Matchweek 19,Sat,Home,,,,Hull City,,,,,,,Head-to-Head,,,,,,,,2026-2027,Sunderland
2027-01-06,20:00,Premier League,Matchweek 20,Wed,Home,,,,Liverpool,,,,,,,Head-to-Head,,,,,,,,2026-2027,Sunderland
2027-01-16,15:00,Premier League,Matchweek 21,Sat,Away,,,,Chelsea,,,,,,,Head-to-Head,,,,,,,,2026-2027,Sunderland
2027-01-23,15:00,Premier League,Matchweek 22,Sat,Home,,,,Coventry City,,,,,,,Head-to-Head,,,,,,,,2026-2027,Sunderland
2027-01-30,15:00,Premier League,Matchweek 23,Sat,Away,,,,Tottenham,,,,,,,Head-to-Head,,,,,,,,2026-2027,Sunderland
2027-02-06,15:00,Premier League,Matchweek 24,Sat,Home,,,,Aston Villa,,,,,,,Head-to-Head,,,,,,,,2026-2027,Sunderland
2027-02-10,20:00,Premier League,Matchweek 25,Wed,Away,,,,Hull City,,,,,,,Head-to-Head,,,,,,,,2026-2027,Sunderland
2027-02-20,15:00,Premier League,Matchweek 26,Sat,Home,,,,Everton,,,,,,,Head-to-Head,,,,,,,,2026-2027,Sunderland
2027-02-27,15:00,Premier League,Matchweek 27,Sat,Away,,,,Crystal Palace,,,,,,,Head-to-Head,,,,,,,,2026-2027,Sunderland
2027-03-03,20:00,Premier League,Matchweek 28,Wed,Home,,,,Manchester Utd,,,,,,,Head-to-Head,,,,,,,,2026-2027,Sunderland
2027-03-13,15:00,Premier League,Matchweek 29,Sat,Home,,,,Brentford,,,,,,,Head-to-Head,,,,,,,,2026-2027,Sunderland
2027-03-20,15:00,Premier League,Matchweek 30,Sat,Away,,,,Arsenal,,,,,,,Head-to-Head,,,,,,,,2026-2027,Sunderland
2027-04-10,15:00,Premier League,Matchweek 31,Sat,Home,,,,Ipswich Town,,,,,,,Head-to-Head,,,,,,,,2026-2027,Sunderland
2027-04-17,15:00,Premier League,Matchweek 32,Sat,Away,,,,Fulham,,,,,,,Head-to-Head,,,,,,,,2026-2027,Sunderland
2027-04-24,15:00,Premier League,Matchweek 33,Sat,Away,,,,Nottingham,,,,,,,Head-to-Head,,,,,,,,2026-2027,Sunderland
2027-05-01,15:00,Premier League,Matchweek 34,Sat,Home,,,,Newcastle,,,,,,,Head-to-Head,,,,,,,,2026-2027,Sunderland
2027-05-08,15:00,Premier League,Matchweek 35,Sat,Away,,,,Brighton,,,,,,,Head-to-Head,,,,,,,,2026-2027,Sunderland
2027-05-15,15:00,Premier League,Matchweek 36,Sat,Home,,,,Bournemouth,,,,,,,Head-to-Head,,,,,,,,2026-2027,Sunderland
2027-05-23,15:00,Premier League,Matchweek 37,Sun,Away,,,,Leeds United,,,,,,,Head-to-Head,,,,,,,,2026-2027,Sunderland
2027-05-30,16:00,Premier League,Matchweek 38,Sun,Home,,,,Manchester City,,,,,,,Head-to-Head,,,,,,,,2026-2027,Sunderland
2026-08-22,17:30,Premier League,Matchweek 1,Sat,Away,L,0.0,3.0,Brentford,59.0,17180.0,Archie Gray,4-2-3-1,4-2-3-1,Michael Oliver,Match Report,,9.0,4.0,,,0.0,0.0,2026-2027,Tottenham Hotspur
2026-08-29,17:30,Premier League,Matchweek 2,Sat,Home,,,,Newcastle,,,,,,,Head-to-Head,,,,,,,,2026-2027,Tottenham Hotspur
2026-09-05,15:00,Premier League,Matchweek 3,Sat,Away,,,,Nottingham,,,,,,,Head-to-Head,,,,,,,,2026-2027,Tottenham Hotspur
2026-09-12,17:30,Premier League,Matchweek 4,Sat,Home,,,,Everton,,,,,,,Head-to-Head,,,,,,,,2026-2027,Tottenham Hotspur
2026-09-19,12:30,Premier League,Matchweek 5,Sat,Home,,,,Aston Villa,,,,,,,Head-to-Head,,,,,,,,2026-2027,Tottenham Hotspur
2026-10-10,17:30,Premier League,Matchweek 6,Sat,Away,,,,Manchester Utd,,,,,,,Head-to-Head,,,,,,,,2026-2027,Tottenham Hotspur
2026-10-19,20:00,Premier League,Matchweek 7,Mon,Home,,,,Coventry City,,,,,,,Head-to-Head,,,,,,,,2026-2027,Tottenham Hotspur
2026-10-24,17:30,Premier League,Matchweek 8,Sat,Away,,,,Chelsea,,,,,,,Head-to-Head,,,,,,,,2026-2027,Tottenham Hotspur
2026-10-31,17:30,Premier League,Matchweek 9,Sat,Home,,,,Crystal Palace,,,,,,,Head-to-Head,,,,,,,,2026-2027,Tottenham Hotspur
2026-11-07,15:00,Premier League,Matchweek 10,Sat,Away,,,,Leeds United,,,,,,,Head-to-Head,,,,,,,,2026-2027,Tottenham Hotspur
2026-11-21,15:00,Premier League,Matchweek 11,Sat,Home,,,,Ipswich Town,,,,,,,Head-to-Head,,,,,,,,2026-2027,Tottenham Hotspur
2026-11-28,15:00,Premier League,Matchweek 12,Sat,Away,,,,Sunderland,,,,,,,Head-to-Head,,,,,,,,2026-2027,Tottenham Hotspur
2026-12-02,20:00,Premier League,Matchweek 13,Wed,Home,,,,Fulham,,,,,,,Head-to-Head,,,,,,,,2026-2027,Tottenham Hotspur
2026-12-05,15:00,Premier League,Matchweek 14,Sat,Home,,,,Arsenal,,,,,,,Head-to-Head,,,,,,,,2026-2027,Tottenham Hotspur
2026-12-12,15:00,Premier League,Matchweek 15,Sat,Away,,,,Hull City,,,,,,,Head-to-Head,,,,,,,,2026-2027,Tottenham Hotspur
2026-12-19,15:00,Premier League,Matchweek 16,Sat,Away,,,,Liverpool,,,,,,,Head-to-Head,,,,,,,,2026-2027,Tottenham Hotspur
2026-12-26,15:00,Premier League,Matchweek 17,Sat,Home,,,,Bournemouth,,,,,,,Head-to-Head,,,,,,,,2026-2027,Tottenham Hotspur
2026-12-30,20:00,Premier League,Matchweek 18,Wed,Home,,,,Brighton,,,,,,,Head-to-Head,,,,,,,,2026-2027,Tottenham Hotspur
2027-01-02,15:00,Premier League,Matchweek 19,Sat,Away,,,,Manchester City,,,,,,,Head-to-Head,,,,,,,,2026-2027,Tottenham Hotspur
2027-01-06,20:00,Premier League,Matchweek 20,Wed,Away,,,,Fulham,,,,,,,Head-to-Head,,,,,,,,2026-2027,Tottenham Hotspur
2027-01-16,15:00,Premier League,Matchweek 21,Sat,Home,,,,Leeds United,,,,,,,Head-to-Head,,,,,,,,2026-2027,Tottenham Hotspur
2027-01-23,15:00,Premier League,Matchweek 22,Sat,Away,,,,Crystal Palace,,,,,,,Head-to-Head,,,,,,,,2026-2027,Tottenham Hotspur
2027-01-30,15:00,Premier League,Matchweek 23,Sat,Home,,,,Sunderland,,,,,,,Head-to-Head,,,,,,,,2026-2027,Tottenham Hotspur
2027-02-06,15:00,Premier League,Matchweek 24,Sat,Away,,,,Ipswich Town,,,,,,,Head-to-Head,,,,,,,,2026-2027,Tottenham Hotspur
2027-02-10,20:00,Premier League,Matchweek 25,Wed,Home,,,,Manchester City,,,,,,,Head-to-Head,,,,,,,,2026-2027,Tottenham Hotspur
2027-02-20,15:00,Premier League,Matchweek 26,Sat,Away,,,,Brighton,,,,,,,Head-to-Head,,,,,,,,2026-2027,Tottenham Hotspur
2027-02-27,15:00,Premier League,Matchweek 27,Sat,Home,,,,Liverpool,,,,,,,Head-to-Head,,,,,,,,2026-2027,Tottenham Hotspur
2027-03-03,20:00,Premier League,Matchweek 28,Wed,Away,,,,Bournemouth,,,,,,,Head-to-Head,,,,,,,,2026-2027,Tottenham Hotspur
2027-03-13,15:00,Premier League,Matchweek 29,Sat,Home,,,,Nottingham,,,,,,,Head-to-Head,,,,,,,,2026-2027,Tottenham Hotspur
2027-03-20,15:00,Premier League,Matchweek 30,Sat,Away,,,,Everton,,,,,,,Head-to-Head,,,,,,,,2026-2027,Tottenham Hotspur
2027-04-10,15:00,Premier League,Matchweek 31,Sat,Home,,,,Brentford,,,,,,,Head-to-Head,,,,,,,,2026-2027,Tottenham Hotspur
2027-04-17,15:00,Premier League,Matchweek 32,Sat,Away,,,,Newcastle,,,,,,,Head-to-Head,,,,,,,,2026-2027,Tottenham Hotspur
2027-04-24,15:00,Premier League,Matchweek 33,Sat,Home,,,,Hull City,,,,,,,Head-to-Head,,,,,,,,2026-2027,Tottenham Hotspur
2027-05-01,15:00,Premier League,Matchweek 34,Sat,Away,,,,Arsenal,,,,,,,Head-to-Head,,,,,,,,2026-2027,Tottenham Hotspur
2027-05-08,15:00,Premier League,Matchweek 35,Sat,Home,,,,Chelsea,,,,,,,Head-to-Head,,,,,,,,2026-2027,Tottenham Hotspur
2027-05-15,15:00,Premier League,Matchweek 36,Sat,Away,,,,Coventry City,,,,,,,Head-to-Head,,,,,,,,2026-2027,Tottenham Hotspur
2027-05-23,15:00,Premier League,Matchweek 37,Sun,Home,,,,Manchester Utd,,,,,,,Head-to-Head,,,,,,,,2026-2027,Tottenham Hotspur
2027-05-30,16:00,Premier League,Matchweek 38,Sun,Away,,,,Aston Villa,,,,,,,Head-to-Head,,,,,,,,2026-2027,Tottenham Hotspur
